stock_code,debt_ratio,current_ratio,quick_ratio,cfo_to_total_debt,operating_margin,roe,net_profit_margin,total_asset_turnover,accounts_receivable_turnover,inventory_turnover,sales_growth_rate,operating_income_growth_rate,total_asset_growth_rate,equity_ratio,debt_dependency_ratio,interest_coverage_ratio,ebitda_to_total_debt,free_cash_flow,roa
000070,0.7646268794077326,1.8871789637913388,1.357870266937794,0.1129359457082726,,,,,,,,,0.0263946598469623,,,,,,
000270,0.6610917034860964,1.5493522053442117,1.0890003905494738,0.3403542110218278,0.1178900523665458,0.3818015615534533,0.181928236821215,1.2394331416390352,35.57888612786462,6.979412804150134,0.0765499744410341,0.0912540996959563,0.1504201291499537,0.6020137226026246,0.0437004453216623,20.77877986086392,,7881768000000.0,0.2254878861161689
000390,0.3052969572639706,1.194115487423938,0.7991158340535646,0.1041610318325456,,0.0167406596786388,,,,,,,0.0485960242210094,,,,,,
000440,0.0346422155470515,4.585757503823716,3.774363668741528,-0.1330310174937931,,-0.016297257264846,,,,,,,-0.0496871196432781,,,,,,
000660,0.6215121079006432,1.6934962983233943,1.1602016771662462,0.648589596252724,0.3545289257347004,0.3107359365904057,0.2990786633503019,0.6012475651538962,6.747746438592366,2.565055580610359,1.020189454716376,-4.035752756712438,0.1946079127847542,0.6167083151137803,0.0820399887667794,4.111305419396682,,13133245000000.0,0.1798203181288508
000670,0.2682259908548592,1.267491304348591,0.4609428108093695,-70.98407578644436,,-0.0371617593731258,,,,,,,0.1192385852704419,1.5770060024175043,0.4229939975824957,,,-190239764271.0,-0.0610900836139423
000810,4.593404139138614,,,0.0436324394891901,,0.1308358602650915,,,,,,0.1240042959534627,0.0264701038302604,0.1787820037895563,0.0011958021196379,5.795406743110878,,3127018161730.0,0.0241083698726227
000880,5.370720003607523,1.4151245511829609,1.1880283431198546,0.0304064035027596,0.0434186285798962,0.0464656976786296,0.0303779034740685,0.2410126700325964,3.666717382047862,4.618353068212775,0.0472762744078914,0.0017367906066536,0.2016744984242232,0.1569681291021633,0.1360797900355775,2.025869759891601,,450604000000.0,0.0073214596262777
000890,0.229278629519416,1.3245297823548452,0.8118005689563353,-0.0527975489836057,,0.0595355447923495,,,,,,,-0.031186392141055,,,,,,
001040,1.676431888458396,0.8102656702716677,0.6279287684107121,0.3388858464098186,0.0583660668012471,0.0141230718507976,0.0057660207114391,0.9217805195995656,9.779907568647578,-9.92366035483279,0.0554732481279029,0.2493434633429379,0.0062120117767874,0.3736317760643601,0.2520990105737814,-1.3175968279769124,,7425857248000.0,0.0053150055674122
001080,0.0512494961487643,7.303202909584382,6.30179799723243,0.4393291669334949,,,,,,,,,0.0340004327367152,,,,,,
001200,8.083825148636848,,,-0.0011323087565889,,0.0356665791283549,,,,,,,0.1101641033393224,0.0550428912730703,0.4449571087269297,,,-7723532817.0,0.0020399551282794
001270,1.1438951111401725,,,,,,,,,,,,-0.067282790852972,,,,,,
001290,0.7429929613782212,,,0.8100195831253758,,-0.0248062277546122,,,,,,,-0.4339772952662998,1.1474515642441596,0.8525484357558404,,,844200227755.0,-0.0278372118529118
001360,0.0991540564224639,3.2286108281546846,2.851637878405419,-0.2249723414153543,,-0.0076825023313499,,,,,,,0.0418463910410302,,,,,,
001430,0.1063461757484415,0.0357904497407492,0.0357904497407492,570.5753351500364,,0.0867405290603672,,,,,,,0.0144490538665675,0.90387622059027,0.0961237794097299,,,,0.0766001134670153
001540,0.8364027869813625,1.7489455150042406,1.1692351480812375,-0.0596522723428779,,0.1033041108944043,,,,,,,0.2679732691041469,,,,,,
001720,4.663561258647448,,,,,,,,,,,,-0.0217117719992425,,,,,,
001810,0.6022639133263423,1.2381147672627553,0.7650048708397924,-0.2016646148027194,,0.0165740514176052,,,,,,,0.0303565362985266,,,,,,
001820,0.1021800656916884,3.822848141444926,3.1536097407450634,0.6453732725538551,,0.0763750185066385,,,,,,,0.0651985641412226,,,,,,
002410,0.8170138947542762,0.5612038542641746,0.3684432427649992,0.0340571411543155,,-0.4020647319416475,,,,,,,-0.0296834001586334,,,,,,
002420,0.8208699653917926,0.203878359323583,0.2028181446843037,-0.0332639368684767,,-0.0460103803196139,,,,,,,-0.0272520341216543,,,,,,
002630,0.0825841461393986,,,0.3603789223612711,,-0.0779119142462998,,,,,,,-0.1258503672035621,1.8474314510629,0.1525685489370998,,,-4036497916.0,-0.1451822959562546
002700,0.2382991499651243,1.6422697082740696,1.2337812872673837,0.2569479321650596,,0.0294226836633646,,,,,,,0.0182572534957119,,,,,,
002760,0.2707604597432996,4.696156690561851,1.8474584179603348,0.0829567498773342,,-0.0316404338059082,,,,,,,0.0233687573547258,,,,,,
002790,0.2215228474535912,2.2698083058810363,1.769208910897642,0.5291752265173987,,0.0966014850552247,,,,,,,0.119124535464985,,,,,,
002800,0.3276822285807981,0.8712668221859771,0.5896670720510727,0.00443931710846,,0.0508445855113558,,,,,,,0.0407910345970881,,,,,,
002810,0.0834680169755736,4.614952265993754,4.188882667868488,0.3190734696276764,,0.2401879098520773,,,,,,,0.0785907378814611,,,,,,
002840,0.0889854501270979,4.649506620588143,0.14520809700284,0.7615567575660723,,0.0593062041008322,,,,,,,0.069553783211996,,,,,,
003000,0.2090220634817863,5.755644753543487,4.5785496262392575,0.2663002165715107,,,,,,,,,-0.1301503929700475,,,,,,
003030,1.0899685486240998,2.006102607688572,1.194003417452481,0.0968935711735696,,0.0633502674808284,,,,,,,0.2798631767111414,,,,,,
003070,0.6294355475173845,1.2281975224644324,1.2281975224644324,-0.7347322416964228,,0.0023372282827222,,,,,,,0.0629460829424256,1.2274189077605488,0.7725810922394512,,,-448130376025.0,0.0028726503015303
003100,0.2484173903992984,1.5414862586046316,1.5385706523634135,0.2759824080790867,0.1947734040586572,0.0551662182679851,0.3040388798674038,0.2875325347933116,,931.8341193029596,0.0078330864754774,-0.0694111572036845,0.0314991801379999,,,,,,
003230,0.3164701735794613,1.3741447231710775,1.0735500089882328,0.992484762178341,,0.130101491305503,,,,,,,0.3627090669428864,,,,,,
003460,0.2028087016500718,,,-1.282640287725238,,0.0137203680338388,,,,,,,-0.0393551186950759,1.6627748013930246,0.3372251986069754,,,-35091449936.0,0.0225861993502074
003490,3.288173235464364,0.6844129208605404,0.6154410776528643,0.1264648400973965,0.1180814346378669,0.1330090928870019,0.0773252667699094,0.4617527513114701,13.14220988006179,13.943327491636111,0.1091698515838301,0.1788239875606682,0.5468680044961861,0.2331995339483318,0.4658444274673273,3.535852726939159,0.1083592790034526,1652572024231.0,0.0357051546768991
003610,0.0600757029433192,5.321974687326894,5.321974687326894,4.566694123265963,,0.0018997171047179,,,,,,,-0.0295400936312696,1.886657711753004,0.1133422882469958,,,23094760143.0,0.0035756676802294
003720,0.2942745882451233,0.8566121445297012,0.6030534518237424,0.3372261995535131,,,,,,,,,0.0294599247365469,,,,,,
003780,0.1373968503476248,1.3740695080775946,1.3740695080775946,0.4447185270880005,,0.0814809476605284,,,,,,,0.0597176892361025,1.7584012118450445,0.2415987881549557,,,1802116266.0,0.1412986445895765
003850,0.4838522514387224,2.638821231763856,1.6807794205334932,0.2122250245566862,,0.1044204905941093,,,,,,,0.2715152980505553,,,,,,
003960,0.3024954185871896,1.1680956058462106,1.1680956058462106,0.1427183427647668,,0.0281157980929028,,,,,,,0.2829150172179636,1.5355140382523496,0.4644859617476503,,,5805940761.0,0.0439960135706516
004170,0.4055247617476484,0.4735170459789316,0.2756176560328774,0.0892067224050942,0.072601878523462,0.0138411896679615,0.0448056085868388,0.4406160245809858,10.01231942513049,7.025993555329041,0.0335569003399345,-0.2543939333868278,0.0216778150520239,,,,,,
004360,0.1427933922738004,1.131172972244202,1.131172972244202,0.6548834449309658,,0.011717952956538,,,,,,,0.0163669186316292,1.7500976235263552,0.2499023764736448,,,5446886242.0,0.0205338884335049
004380,0.3996973771011872,0.9205142082223692,0.4964936888675014,0.1020551049135053,,0.0022907357663941,,,,,,,-0.021128440796159,,,,,,
004410,0.4853803776429778,0.6810847127651601,0.6810847127651601,0.2124978484499251,,-0.0319773682215522,,,,,,,-0.0636473188606175,1.346456456610547,0.6535435433894531,,,,-0.043566964070228
004430,0.2190168584152377,1.9846685413879608,0.9123613297780366,0.104555004562786,,0.0241652528553807,,,,,,,0.0830002275763849,,,,,,
004440,0.1375768009645851,1.7998408007782738,1.3144378193135096,-0.0913750825171341,,,,,,,,,-0.1374019346983659,,,,,,
004450,0.8280863035626497,1.4523828201460305,0.9984908213746876,0.1856929395517291,0.0635854008992692,0.0737469266921444,0.0479644260784229,0.8251739922062281,7.101298199339684,10.456355491439044,0.0585099658247154,0.5302278087884313,0.0138813786553406,,,,,,
004490,0.104923873464659,2.7136884309270046,2.7136884309270046,0.6253127837649213,,0.0495083902358642,,,,,,,0.13244875254264,1.8100794525587467,0.1899205474412533,,,82949802081.0,0.0900076225177379
004690,0.4392048935446626,1.275296121959819,1.2391087931702556,0.0763506096503265,,0.0360118142504042,,,,,,,0.019272850176061,,,,,,
004770,0.0219466074500598,24.537366786035616,23.264678769823696,1.5414958780981352,,0.0682745926945064,,,,,,,-0.0087525567266645,,,,,,
004800,0.0837876398714008,0.7402914229646228,0.628842870170713,19.440836208809014,0.3048427064585701,0.0898468758929537,1.093143601044176,0.152374790780119,5.440299558574367,32.86247021399243,0.6022285514790232,-9.025441342422027,-0.1053767224232709,1.8453799678295968,0.1546200321704035,21.87437951209304,,188164186693.0,0.1665675275017322
004910,0.3247841539952195,0.6434781115637717,0.3372512367329529,0.1801967713629338,,0.019024370830087,,,,,,,-0.0091140168796207,1.5096798931120192,0.4903201068879806,,,15775813377.0,0.0284796614790324
004920,0.2526070213449781,1.1092420507100036,0.4676215757978849,0.0403395456534274,,-0.0006094910857359,,,,,,,0.0135096631504363,,,,,,
004960,1.49545942304795,1.104645203047122,0.899138891089329,1.054809752209077,0.0341284665156658,0.042308752127159,0.0221905455066204,0.3751618503678419,1.248860517265847,6.770226463252042,0.1258527206560072,3.6706615309384936,0.0078464184172758,0.2003639070954321,0.2996360929045679,0.6559209167393617,0.3984853739424821,81950464264.0,0.0083250461129355
004970,0.0998223684788278,2.1393435769789853,2.1393435769789853,1.6850021377419104,0.0467270418409887,0.0171089898285051,0.0562756099578237,0.5500774073255309,10.641360201133407,,0.07243152463043,0.0334999202272327,0.0038272359881247,1.8184754714220024,0.1815245285779973,5.9454349512594105,,90865427290.0,0.0309559416212625
004980,0.4076703169495729,0.8008753925385048,0.4919274686747668,0.0527120041644898,,0.047803912540705,,,,,,,0.0429618565240606,,,,,,
005030,0.8681373864828372,0.7442205104314874,0.7442205104314874,-0.1232160672569397,,-0.0023404355952747,,,,,,,-0.0279991261864434,1.0705850728491773,0.9294149271508227,,,-15290818466.0,-0.002496145023308
005070,0.2257753619272603,1.0672203060391443,0.4917067471748725,0.055037649464545,,0.0145155799964194,,,,,,,0.166304494073433,1.6316203295646623,0.3683796704353375,,,-179121302896.0,0.0242209042727096
005110,2.058261037218531,0.6400822661869044,0.6400822661869044,-3.3653660821869376,,-0.3375716014315896,,,,,,,-0.3256447017413431,0.6539664128275288,1.3460335871724711,,,-18986283758.0,-0.2934752363698896
005180,0.1630403321931179,2.116957824569896,1.514442536186655,0.5231817323424938,,0.0633832003949035,,,,,,,0.1261427067951213,,,,,,
005320,0.1252570197282775,2.4133464753330767,1.799064442823424,-0.2080064411988825,,0.0248646163823626,,,,,,,-0.0168681982194178,,,,,,
005360,0.3612865818864211,1.0551597532319306,0.5871039424731648,0.0140940130268752,,-0.0181563861956516,,,,,,,0.0172271107699954,,,,,,
005380,1.8251572906110816,1.4559779497437817,1.2070646575535495,-0.1767523270143575,0.0812617605729045,0.1191425425392603,0.0754997486091985,0.563207182268484,11.417712297892496,7.500772881266245,0.0772611427663226,-0.0586576854043005,0.2029823443823359,0.3539625929229943,0.4714153490097507,15.847283014542302,,-49168567000000.0,0.0425220006761655
005430,0.1420514849954343,2.669674794125311,2.5782804709820866,1.6078120899700037,,0.0413880973516107,,,,,,,0.0354728458652416,1.7512345338861808,0.2487654661138193,,,-2925293998.0,0.0722999133809391
005440,0.0663038492244917,0.2671160132047611,0.2671160132047611,-0.5575048935258023,,0.0354660850609823,,,,,,,-0.1495376686196768,1.8756379820391464,0.1243620179608534,,,-29685571000.0,0.0652934550879322
005490,0.6827270933992602,1.9328563200016908,1.311975091398146,0.1668625366683326,0.0299027211097722,0.0156477078831621,0.0130362433384046,0.7114097173176975,4.0559786419428265,-4.810695409330686,-0.0575549756102817,-0.3845048931582593,0.0243577711749571,0.5942734290798812,0.1590139131311682,-0.4278068466400971,0.1467811824148623,-1165845105130.0,0.0092741101882591
005500,0.1915134097539635,1.6443942466845145,0.8043114002056181,0.1323196811412453,,0.0701229325657167,,,,,,,0.2227424904472365,,,,,,
005670,0.5860293398020624,1.1242075457400862,0.5670746022323314,0.5291905617526579,,0.0358451450365049,,,,,,,0.0748968251714245,0.6305053600867186,0.3694946399132813,,,11589688425.0,0.0231741137970946
005680,0.0237877875917952,16.472931313764004,14.972701879621994,2.772840083942117,,0.0102780831425422,,,,,,,0.0243605403570189,,,,,,
005800,0.0459935497103199,6.963610698827218,4.465951014894385,0.1957421242311245,,0.0101346053436168,,,,,,,0.0060975022708011,,,,,,
005820,0.0689207226690951,3.387315186004265,2.773151411042385,0.7891313987782844,,0.0149906272077967,,,,,,,0.0096860250055977,1.8710461473756443,0.1289538526243556,,,4694222773.0,0.0279941033594527
005850,0.2945281056893437,2.7522520639293084,2.446392379514096,0.2813150131973359,0.0671271700064319,0.1481959021257201,0.0971714564336983,0.588174348951151,,19.322415987046384,0.0100041899993234,0.0104208548910282,0.1209026998494414,,,,,,
005930,0.2793189781190862,2.432993362353306,1.8784351557753296,0.6357053725837232,0.1087707740219731,0.0899665842085836,0.114505426269153,0.6200724318763435,7.496428462244133,3.60922682125536,0.1619531117661296,3.983414131557661,0.1285922329862837,0.7816658840395271,0.0415057161814955,2.520156889694836,,17673425000000.0,0.071001658129751
005990,0.013517451064872,15.935088889296573,15.935088889296573,0.9463825800827146,0.1837680838480868,0.0036763251160247,0.0770091875778359,0.0234594193520821,0.9205165642545028,,-0.0244924159308575,1.4924823062412893,-0.0134585784833326,0.4933314167157804,0.0066685832842195,5.80994250234249,,3026676989.0,0.0018065908253516
006090,0.287596203779877,0.7645605248417856,0.7645605248417856,6.418522383725301,,0.0208720140195595,,,,,,,0.19915448712652,1.5532819948744685,0.4467180051255315,,,49176397226.0,0.0332211931416368
006400,0.8823618586164035,0.9519716368385532,0.6867244983207226,-0.0072313505494812,0.0218960350579625,0.0277525995549723,0.0346856185673849,0.4446166292769448,2.212689991674813,-4.370762018724898,-0.2259918524632698,-0.7649258386214189,0.1926763794736315,0.5312474832735041,0.2851884439855026,-0.2266995042481368,,-6495179326552.0,0.0154218028118164
006490,0.3768802266189344,0.5582729102589771,0.497434467330503,-0.562755843,,0.027372551768546,,,,,,,0.4228022862395031,1.4525591706049827,0.5474408293950173,,,-4116157451.0,0.0398693165693338
006660,0.06619798808777,7.591799595253991,7.126177766145569,0.1485587951580793,,0.0250786341789428,,,,,,,0.0292896354469889,,,,,,
006730,0.3834754812328021,0.1856201381507507,0.1856201381507507,0.1040417700673237,,0.0170020592470468,,,,,,,0.0841986526498339,1.445634582708917,0.554365417291083,,,44082757435.0,0.0242849189508775
006800,8.60070058282688,,,-0.1006842711295867,,0.0721468459006078,,,,,,,0.1070420149037242,0.1041590654111988,0.8958409345888011,,,-8602756207307.0,0.007719615747166
006880,0.4096295981221561,0.5603913414166659,0.3830686946303303,0.0725832573229116,,0.0155205905831934,,,,,,,0.0491659907361448,,,,,,
006890,0.0422613520047804,5.437960566244857,5.0435041717391,27.09878991091309,,0.0350295608867378,,,,,,,-0.0161504717221043,1.918904501402664,0.0810954985973357,,,12084815742.0,0.0668622920167579
006910,0.2222923999042628,1.6350753034077443,0.449593895442527,0.1595437086557471,,0.0082483115834727,,,,,,,0.0105468437344208,,,,,,
006980,0.0527026149792668,2.2972447046675297,2.1039683909979745,0.5294172433642472,,0.0177443279274148,,,,,,,-0.0044619372584586,1.89987178861467,0.1001282113853299,,,1116352435.0,0.0334305268095099
007120,0.4041553785300317,6.707122395634701,6.6906887121654695,0.2035764625824305,,-0.0433042753273912,,,,,,,-0.0218272925035679,,,,,,
007160,0.3239065351788682,0.8700154691822165,0.8700154691822165,0.0022887519611424,,-0.0320214244079371,,,,,,,0.0040526606936469,1.5106806612521082,0.4893193387478919,,,-5236015139.0,-0.0492152310545667
007210,0.3103071395317075,1.310822422516397,1.310822422516397,0.9242015989809844,,0.0195298971049869,,,,,,,0.0248231580133485,1.5263596905339176,0.4736403094660823,,,48819676529.0,0.02975825096429
007310,0.2052974604439653,1.3532873885272092,1.009417716278114,0.7632982816330416,,0.0232004927443842,,,,,,,0.0290166939082482,1.659341420385396,0.340658579614604,,,82305156968.0,0.0384336042090209
007540,0.0162550642697182,22.470444036842437,22.470444036842437,0.8678064236910605,,0.0157851389096738,,,,,,,0.037112279052858,1.96800987303045,0.0319901269695499,,,1079862319.0,0.0310800159920039
007720,0.1872862740877227,1.5054281478726934,1.5054281478726934,10.573699378595586,,-0.0363030987015308,,,,,,,-0.1260420298953248,1.6845137046132734,0.3154862953867267,,,,-0.0610875889446338
007860,0.01529965185006,9.978846722697114,9.978846722697114,7.32866742738389,,0.0266220808962329,,,,,,,0.0179775933750463,0.49246545006581,0.00753454993419,,,6573328527.0,0.013122347855054
008040,0.3517919239042183,0.9391366134114358,0.3670710823902124,-0.2300772897394053,,0.0030160389462476,,,,,,,0.0732744374392981,,,,,,
008420,0.1148347928657209,1.3172035740968144,1.3172035740968144,-0.0989777428914368,,0.0469650497072325,,,,,,,0.1195663905123661,1.7939877843773888,0.2060122156226111,,,-9195663627.0,0.0846415284221608
008470,0.0962997622522292,4.146317369300045,4.146317369300045,8.892538437180885,,0.0130485202339146,,,,,,,0.0352736710535935,1.8243185567159264,0.1756814432840737,,,4389983363.0,0.0237993945574848
008490,0.3342730365209431,1.1703206656886207,0.4616802685266115,0.0961979615260287,,0.0265854634016379,,,,,,,0.0241129275305972,,,,,,
008770,1.969518123342622,1.2268909071792231,0.6853297186831745,-0.0116840650205603,-0.0013133022782091,-0.0649833617829776,-0.0155796504638791,1.157567850275747,15.161699890177603,6.302581209211391,0.1062322025069094,-1.0568267439885437,0.2685304476039591,0.3367549745324859,0.6366141423456149,0.0838385571009985,0.0192697299275343,-103511123850.0,-0.0180345024955201
009150,0.4188786637190692,1.9273845824043476,1.1910737939129277,,0.0714006707216312,0.0825071280530647,0.0683124735289498,0.8420439588000804,7.5715530971368,3.814295662103088,0.1576277665322257,0.1127273140757801,0.0973189067253198,0.7047818996579083,0.1076212484620413,10.111468765325686,,,0.0575221056457426
009200,2.425601509580888,0.7144313192802813,0.5103431941553305,0.1036006974983941,,0.0701820480151641,,,,,,,0.03764740089313,,,,,,
009300,0.0613558461124571,5.514353381906397,4.817902121586529,0.8779256340921722,,0.0490391451794312,,,,,,,0.0753365026405319,,,,,,
009310,0.3409787769732616,1.08733609672274,1.08733609672274,-7.506563607000587,,-0.1598960553603031,,,,,,,-0.1246920537857965,1.4914479142721575,0.5085520857278423,,,-2382020996.0,-0.2394599451177756
009420,0.1154985772387299,2.465424772552283,2.465424772552283,1.1292142749869316,,-0.004233416099266,,,,,,,-0.1121562771505065,1.7929202607776846,0.2070797392223153,,,,-0.0075572188601743
009470,0.2141562695678565,2.301579670759208,1.7723528997625833,0.3032287413492374,,0.0797380815111984,,,,,,,0.2436106841092133,,,,,,
009580,0.4472815217544196,0.7912510548079643,0.5901082493711738,0.0935901895888972,,0.0098444731881321,,,,,,,0.0421986677502405,,,,,,
009680,0.032252364231635,15.990271789431942,15.345323629902015,0.7798732891497495,0.0818276270556719,0.0341573698403178,0.1113604708931578,0.5933250273334554,10.934148979753475,19.405457640817207,0.1897406714111139,0.5695840593281618,0.0399308682356416,,,,,,
009770,0.0561994085460848,8.93169307631318,7.032707539710617,0.0854544088892605,,-0.0018875232908965,,,,,,,-0.0222694277366515,,,,,,
009780,0.2143507345115484,1.6087346701199003,1.6087346701199003,0.5985097041085068,,0.0548559541187798,,,,,,,0.1639540980208347,1.6469706347272606,0.3530293652727394,,,34030967304.0,0.090852938441853
009900,0.7352764022611895,2.4599285599342697,2.028731162602934,0.4423557623241482,,0.2094601441213057,,,,,,,0.1583331434582345,,,,,,
010140,0.6419561392644081,0.7789339826749556,0.7413212299146159,0.1147376564497287,0.0507618628446789,0.0026974568120806,0.0054404528776964,0.6040667306250139,13.960345383955334,9.078715952959998,0.236427314819665,1.1543173532715276,0.1026876171751389,,,,,,
010280,1.7855932305426754,0.8725810354864928,0.8725810354864928,0.2521817394959256,0.0573736054317673,0.2295826663221871,0.0616632299297539,1.3885864167832882,11.245815444273052,,0.0856572142340029,0.373698994855518,0.3951280724950661,0.35898995913527,0.6410100408647299,14.377217898324917,,-12834684056.0,0.085624723495441
010470,0.2837973190868744,1.474061489057022,1.474061489057022,3.558316321503875,0.0752726709570855,0.0331065911370356,0.0588233062428507,0.8720670342717646,4.978182266097195,,0.0830212791551294,0.0248844829211976,0.0258277356438407,1.5578783116812696,0.4421216883187304,94.5667082627491,,11640017440.0,0.0512978662212626
010640,0.2737662563959745,1.352889803661577,1.0654011330364883,0.2772174480421319,,0.0363411091332632,,,,,,,0.1094642111547358,1.570146791028088,0.4298532089719121,,,-4238755797.0,0.0579635240187698
010780,0.3906728129458703,1.3224439560238592,0.4646640803883813,-0.0655432800635539,,-0.0288088372599258,,,,,,,-0.1612755603030207,,,,,,
010820,0.6925066453127289,0.8166697168889913,0.8166697168889913,347.5664617823693,,0.0294506214705931,,,,,,,0.322091523645424,1.181679259894696,0.8183207401053041,,,141486408970.0,0.0354795297734026
010950,1.8119164680902984,0.8619981344607209,0.4765486888508506,0.2177749812037304,0.0115232317815272,-0.0217718031003069,-0.0052690404962126,1.591960737606837,10.449697414816583,-7.755202997382021,0.0254805832300072,-0.6883341134017726,0.1332635154147017,0.3556293408243189,0.0266078474828039,-0.5069374482918447,,361937000000.0,-0.008388105594831
010960,0.2123382857846321,2.0682759227805034,1.905216290759108,0.3031880169367883,,0.0093413160706901,,,,,,,0.0527174260142886,,,,,,
011080,0.3330854096197302,1.577038396810594,0.4077421053088478,-0.3201343295583481,,0.0210275043118118,,,,,,,0.0362890976180393,1.5002789660495277,0.4997210339504723,,,-5052170077.0,0.031398843094022
011170,0.7286584881515312,1.0565796005653163,0.7250939853844056,0.2154189312397273,,-0.0256959369039236,-0.0252932955222925,0.6006404180735292,9.074820896497846,7.153041788945067,0.0242639783232555,,0.032142734467886,0.5784832613579495,0.0787096315939827,,,3137444382738.0,-0.0151921755969671
011200,0.2151463277830797,7.634875268805344,7.464400181741897,0.8133826729704466,0.3002375851949501,0.1534445638650337,0.3232527001192455,0.39287595221276,3.924929939664583,-20.2469381346174,0.3927231489605544,5.007228482993313,0.3163802027762762,0.8229461564718761,0.1197356330824334,-3.085583207653072,,,0.1269982123646943
011230,0.5561954589099325,0.3542497694362238,0.202756580716263,-0.1160024469092769,,-0.085738423198877,,,,,,,-0.0386434575772255,,,,,,
011300,0.5759413558566783,0.4478110671803827,0.4478110671803827,20.030264217298622,,-0.2103925581490607,,,,,,,-0.0866193970374907,1.2690827565171705,0.7309172434828297,,,10342539947.0,-0.2607345419372281
011330,0.2137131310858628,0.9942467562189712,0.9942467562189712,1.2711740141037648,,-0.0304373826729006,,,,,,,-0.1513530416575297,1.647835842569056,0.3521641574309439,,,7425784031.0,-0.0504075398078118
011370,0.4469234202860668,1.7165042561851702,1.7165042561851702,-0.3085154844421721,,0.0111340089447831,,,,,,,0.1782908135228564,1.382243159492564,0.6177568405074361,,,-118689057663.0,0.0154091898657535
011390,0.9218596375645024,1.425427927854101,0.8591054246039271,0.0569776062225091,,-0.014037411893841,,,,,,,0.2056085218233251,,,,,,
011500,0.1711007768404326,3.414934629406403,3.414934629406403,1.2921016460843937,,0.0112559826743373,,,,,,,-0.018635019187142,1.707794956293935,0.292205043706065,,,11683540597.0,0.0190929667828795
011560,0.2244194998364936,2.3834535430159085,2.271264824917538,1.150922630737496,,0.0444562640030331,,,,,,,-0.0968015415538098,,,,,,
011930,0.4209863760618599,0.6291873680162614,0.6291873680162614,-0.0387264349574293,0.007214920753445,-0.0170580476537815,-0.0314003880802772,0.771117343195059,,,-0.0461610352683929,-0.0318507901368684,0.0158097480855984,1.4074730297857083,0.5925269702142917,0.2258330673009541,,-18565152065.0,-0.0242133838317572
012170,0.2086348775575608,2.0227414123578145,2.0227414123578145,-1.2340061430780929,,,,,,,,,-0.5200052326333138,,,,,,
012210,0.4012135481705141,0.5469938779428731,0.3031927326050452,0.0629550501172556,,,,,,,,,0.1351052225376517,,,,,,
012330,0.4440472262683443,2.2301818051715543,1.6995545453960563,0.2076645298257362,0.0536970188599174,0.187057110768029,0.1417929610036306,0.9144549868092848,5.606358692876039,8.012391626629313,-0.0340458654173994,0.3390308127447409,0.1367405386062111,0.6924981273529153,0.0235664705439389,6.319458494740392,,1887635000000.0,0.1296632802842244
012450,2.8134165607211794,0.8962156595252154,0.6496929418313322,0.0998393514498313,0.1540800806992255,0.6030228430093807,0.4304952342373813,0.3575115124816331,2.039436172809645,1.827792815210574,0.4246600356057767,1.9141191953612948,1.217525231680937,0.2622320389280744,0.3466999769359115,3.499567820805359,,2438485275441.0,0.1539070023083411
012690,0.0883800108553621,3.344908126627293,3.344908126627293,0.4498884871699818,,0.0516994775568095,,,,,,,-0.0076588319625595,1.8375934692407592,0.1624065307592408,,,4539744045.0,0.0938625170486321
012700,0.3636062450604994,1.8414202612224104,1.821050013112211,0.0273996040321652,,0.00725605130665,,,,,,,-0.0232189913304979,,,,,,
012860,2.455459451154179,0.9878769939732222,0.5876582747897362,-0.0924885613703579,,0.0754564305217687,,,,,,,-0.0025476346896339,,,,,,
013000,0.043795874002086,10.693248119992544,10.693248119992544,3.653550714336668,,,,,,,,,0.0379299252428427,1.9160834506191995,0.0839165493808007,,,795530482.0,
013310,0.590896318216785,0.8823367489136136,0.6830936614347046,-0.0087764768387694,,0.0127351858064865,,,,,,,0.2782812692428459,,,,,,
013520,0.3554328266376429,0.6458171041416028,0.6458171041416028,0.1079522677442894,,0.050799062710024,,,,,,,0.1027217036989069,1.4755434284126818,0.5244565715873181,,,9397792390.0,0.0730511071036897
013810,0.8751062202486929,2.2010610443680725,1.5493580864657617,-0.0487587420792346,,-0.0364529246739315,,,,,,,0.0200068244258346,,,,,,
013990,0.1436518469914674,2.734323399698808,1.2987743369919142,0.2414354883682482,,0.0259985619941533,,,,,,,0.0088016902792662,,,,,,
014100,0.2094951823911534,0.8211850672767138,0.486241174581107,-0.0283490985883444,,-0.0697768992350212,,,,,,,-0.0731882488518134,,,,,,
014190,0.1732575833604732,2.656859067382902,2.656859067382902,-1.6919764379893107,,0.0136566807741194,,,,,,,0.1049807955916928,1.704655506484391,0.295344493515609,,,-6384735755.0,0.0235987278379518
014470,0.3055143503402643,0.8473403760256737,0.7084216858624883,0.0595297634220123,,,,,,,,,0.0580061045898459,,,,,,
014620,0.0854911502444605,8.897056758175601,4.5478831812738445,0.26707168112956,,,,,,,,,0.0218214430030175,,,,,,
014710,0.421092918407732,0.5119685190048311,0.2280163146547275,0.221046047237365,,0.0518043416742331,,,,,,,0.055259713581602,,,,,,
014910,0.2804745771986715,0.6003834914148347,0.6003834914148347,0.1095651866415168,,0.0249709710892624,,,,,,,0.1894615816601418,1.5619208968408054,0.4380791031591947,,,1951938826.0,0.0397744450848351
014970,0.3126574185065131,1.0967706715588157,0.7925542949290839,0.1415108787161077,,-0.0753664214946627,,,,,,,-0.057537395552316,,,,,,
015760,4.966897746099741,0.4573356078383788,0.3046168186801222,0.0772767355570393,0.0895589815108735,0.1809458138882382,0.0761643478098499,0.3839446113476787,7.718294777144206,8.792149639597548,0.0587107985164407,-2.8417785790532424,0.0295885991097802,0.1675912748217697,,1.110080544344511,0.1088469864741682,1568228000000.0,0.0292428909184022
016100,0.3196276904001534,0.6701541487767319,0.6701541487767319,0.0538068795,,-0.0239150966292727,,,,,,,-0.0654700992043016,1.5155789883383972,0.4844210116616028,,,,-0.0367373579213749
016360,0.7831039434355367,,,0.0133214706793888,,0.0135128110192926,,,,,,,0.1183598088858643,1.1216396034358862,0.8783603965641139,,,623119784548.0,0.0151741023300662
016590,0.2656188533248984,2.4445358204040817,2.1087477149636458,0.2995829389398174,,0.0992026461910091,,,,,,,-0.0003305638010868,,,,,,
017000,0.3800771629887574,1.9837720994724608,1.578230205272646,0.2718169555947911,,0.047224626385608,,,,,,,0.0288153948162096,,,,,,
017180,0.3634861136663194,1.0120652018445655,1.0120652018445655,-0.2006817351672984,0.0283758149560071,-0.0105264797429804,-0.0189020150804024,0.8108533771590795,3.8129569674426738,,0.1127038628498468,1.5057940407130832,0.098802606279135,1.4668282866644964,0.5331717133355037,1.1490184153677994,,-10505178058.0,-0.0153267627630561
017370,0.3537872586680203,1.3272512516688195,1.3272512516688195,-2.9668054652621554,,0.0865861058150522,,,,,,,0.1289056591824538,1.477336994564259,0.5226630054357412,,,-221063662321.0,0.125485156850441
017390,0.2333519770255502,2.460785454535501,2.456501689748632,0.0358081868963119,,0.0120243263934541,,,,,,,-0.0063342853286348,,,,,,
017480,0.0525990440431535,8.329473448764023,8.329473448764023,77.20495732394951,,0.0133060222312138,,,,,,,-0.0202997452273043,1.900058727317261,0.0999412726827388,,,12562470564.0,0.025138702258186
017510,0.0582836187280932,15.235581415741946,15.235581415741946,15.69773443129215,0.1075563044217736,0.0150539742641628,0.1548601755518426,0.1839616497564308,,,0.0501751638437347,7.037408227816538,0.023358962951801,1.88985255427436,0.1101474457256399,2.61883326018006,,12764757673.0,0.0284883333760874
017550,0.1169386566842303,2.1873898551743585,2.1873898551743585,1.0838764237324283,,0.012911888864219,,,,,,,0.1741735934132991,1.7906086319344034,0.2093913680655966,,,23050910576.0,0.0229921939421219
017670,1.5799965572150778,0.8105438712926909,0.7878013867318396,0.2664048034792657,0.050817923739378,0.1153220067498244,0.0386579686341751,1.18352517631799,18.08602972197958,184.19894659027904,0.0188600841945125,0.0400438283280211,0.0131486774212366,0.3875974164397446,0.2299877225341882,3.009327979482406,0.2880935459896153,2419256000000.0,0.0457526791438574
017810,0.1927396929947722,0.2964984265549845,0.2964190474805516,0.1806330579301333,,0.0132433604215145,,,,,,,-0.0093590910719262,1.6768118070912277,0.3231881929087724,,,22618035642.0,0.022127559016881
017890,0.0448551382692011,4.610433823907272,4.610433823907272,0.7393845143765361,0.02410258600344,0.012295592538877,0.0257881728659362,0.9005152478626183,4.50076582109139,,-0.0537222842706762,-0.7923397287031416,-0.0338758366776995,1.914140943320615,0.0858590566793853,224.0534141928758,,13908874735.0,0.0232226428802926
018120,0.0452932309430499,8.994643498338542,8.994643498338542,13.120007839050423,,0.0593509231659618,,,,,,,0.0759577459445713,1.9133387080251405,0.0866612919748595,,,21258112080.0,0.1123089503018587
018250,0.1097161789348011,,,,,,,,,,,,0.0351986675659213,,,,,,
018260,0.3640100110450634,3.608141375254152,3.6005352285639938,0.3504348390884655,0.0658867239697763,0.0845244316456668,0.0570934392309329,1.0820485990451305,8.635193586575479,555.8353927641639,0.0415300368385482,0.1272729791410385,0.0744504392576941,0.7331324491041162,0.0634391634720252,5.860204167870597,,711069146857.0,0.0617778759344992
018290,0.0985209527257548,2.670789692249677,2.670789692249677,9.240172705594524,,0.0755246650453816,,,,,,,0.0619592195197041,1.820629815969745,0.179370184030255,,,46580489149.0,0.1291406573760375
018310,0.068895933221555,4.306795723232877,4.306795723232877,0.2819337970406683,,0.0522881045765587,,,,,,,0.0315941398366221,1.8710895400005705,0.1289104599994295,,,7457546935.0,0.0962321471642697
018470,0.3426403810576061,1.510146651165643,1.510146651165643,-1.3155608592982455,,-0.0002362722739479,,,,,,,0.0631465976417299,1.489602151265991,0.510397848734009,,,-7984310101.0,-0.0003540994603384
018680,0.2813092772102674,2.2810531851517104,2.2810531851517104,-0.7047148251048931,,0.0158999341368939,,,,,,,0.1313432592629765,1.5609033943424675,0.4390966056575325,,,-5238083829.0,0.0251783781337576
018700,0.6017290736608665,1.6839617043142627,1.3316893435110784,-0.340464031218153,,,,,,,,,-0.3242033810521241,,,,,,
018880,0.4397348761539875,0.8698351415869209,0.8698351415869209,-0.4967314283185078,-0.0015015306269317,-0.0472748858741692,-0.1281327664657084,0.508307229158088,2.902023774491071,,0.0265332062194279,-1.07623979504199,0.072359094985197,1.389144649564,0.610855350436,-0.03001713439639,,-867241199272.0,-0.0651308114865446
019010,0.226700987276133,1.6809139917432896,1.6809139917432896,2.7042472110389784,,-0.0201713667516907,,,,,,,-0.0382457035013946,1.6303891663452257,0.3696108336547742,,,9216335092.0,-0.0330212390632059
019170,0.3254794050739796,2.4961915958443512,1.765985531821544,-0.1804078920312904,,-0.0581368008573634,,,,,,,-0.0228255017274955,,,,,,
019210,0.4222125483308467,0.9343657489533228,0.9343657489533228,0.0443759212954101,,0.0236867667808311,,,,,,,0.0987639923790618,1.4062595653141037,0.5937404346858965,,,-6902637552.0,0.0332970366115559
019770,0.2379355209665258,1.5684520782893203,1.542154877738149,0.3417597157497694,,,,,,,,,0.0578316884556241,,,,,,
020560,12.40804145322108,0.5628492679642842,0.5178813810205602,0.1171667432915251,0.0331415716689134,-0.4554980991877538,-0.0496498373730158,0.6286075089051407,22.99698828534717,-32.271220257009794,0.0911960007163247,-0.5552869162954664,0.0332769572576762,0.0745821083182708,0.4490722640643185,-0.6629088252460198,,742884706165.0,-0.0312102605885968
021050,0.4779555062412898,0.9829973910090553,0.4575191121796548,0.0970382367552548,,0.1058511499135722,,,,,,,2.974327194923456,,,,,,
021880,0.0924238615535593,,,-1.195006465891415,,-0.0778459817769139,,,,,,,-0.1387887632826142,1.8307912069549244,0.1692087930450757,,,-12458393761.0,-0.1431372851720558
022220,0.1657232274434499,4.485217973935783,4.485217973935783,8.555988972104355,,0.0560902336817893,,,,,,,0.0566495255365849,0.8578365571329502,0.1421634428670499,,,601843431.0,0.0480650831435963
023000,0.1602187734374562,4.32467530870352,2.9442819877222703,0.4263567525101594,,0.0537204972440668,,,,,,,-0.0430547578189527,,,,,,
023160,0.0320697488317424,9.23891748098846,9.23891748098846,20.22497369095229,,0.0402658860758408,,,,,,,0.0685019697370574,1.9378535242060064,0.0621464757939934,,,40341581132.0,0.0779589843822824
023440,0.3662088780018275,0.5252674429646861,0.5252674429646861,-0.1718462218134362,,-0.1455908860879007,,,,,,,-0.1717582870175795,1.4639049944728326,0.5360950055271675,,,-7092199245.0,-0.2152996647935168
023600,0.1210697814339754,3.037140569364812,2.561697078097717,0.4030888413873186,,0.049821963631125,,,,,,,0.0681192419912155,,,,,,
023770,0.319870423776048,0.9310541496513304,0.9310541496513304,0.796284715942029,,-0.1100132546708339,,,,,,,-0.1486592464691657,1.5153002627925805,0.4846997372074196,,,-4078253351.0,-0.1715584998242288
023800,0.3956923281698498,1.023325268521772,1.023325268521772,2.553692040160152,,0.0106343560091575,,,,,,,0.1051015589197395,1.4329805786226322,0.5670194213773678,,,50279963144.0,0.0154126352959387
023960,0.3931721281427183,1.0483397419319147,1.0483397419319147,-4.666393071155967,,0.0195979150445644,,,,,,,0.1003770156733585,1.435572790755054,0.5644272092449459,,,-3327845974.0,0.0278887733138121
024830,0.1097268963944804,4.376347020426167,3.6618912384798135,0.5344187775554321,,0.0262175144361396,,,,,,,0.0280253732707854,,,,,,
024950,0.2021004432168469,1.0602944456623973,0.4763043066050775,0.0564906134424092,,-0.004991174130415,,,,,,,-0.0236820505034923,1.663754481820135,0.3362455181798648,,,1954528514.0,-0.0082800085902617
025320,0.1681593223830196,1.647279057358351,1.1695484493850463,1.14947223032891,,0.0758373403806553,,,,,,,0.1693883050740275,,,,,,
025560,0.1046845872383339,2.1221479518611828,2.1221479518611828,0.008594694732793,,0.0358129746556052,,,,,,,0.2948450232040238,1.810471534684772,0.1895284653152283,,,-2595741752.0,0.0637558071610715
025870,1.6413937846494724,1.501814995427094,0.2075255831575121,0.1832181436692082,,,,,,,,,-0.0710935483675053,,,,,,
025980,1.2807005829908868,0.420018629733236,0.2575971316629565,0.0047697585760356,,-0.0457451638293424,,,,,,,0.0501627292053193,,,,,,
027040,0.6445837159240699,0.67036847990994,0.527166575957553,-0.0497321406661794,,,,,,,,,-0.374416840981688,,,,,,
027360,0.1336744825352005,,,0.1204605058753647,,0.0136823369066994,,,,,,,-0.0363788830320203,,,,,,
027580,0.3467751323670148,1.4827731682160412,1.3156906756191051,0.0079847680193125,,-0.0649632525780697,,,,,,,-0.1045550577990233,,,,,,
027740,2.7827894190069924,0.6423545715603192,0.5355605581199104,0.0131652866315891,,-0.2463191032267148,,,,,,,-0.0317533183337748,,,,,,
028050,0.3883868056427482,1.3762332623441242,1.3762332623441242,3.259104684882129,0.1402655834096268,0.0882667276295173,0.1145028052921594,1.1139867923374438,3.42356683811672,,0.0770633629692986,1.147542341811957,0.3581439224997712,1.4405207481600255,0.5594792518399742,17.563967072091813,,887332795786.0,0.1275546127810515
028260,0.6637910933808611,1.3684559184222485,1.020872937236351,0.133709134122889,0.0708590796028798,0.0718550647704232,0.0658384538027987,0.6572599757442446,6.130990265119516,7.293807588697325,0.0049541338290508,0.0394480910529464,-0.0625553941615429,0.6010369955569226,0.1681345955333566,11.146483025507331,,1513004184537.0,0.043272980549466
029530,0.0359138554304228,13.484391575258496,12.55641327562184,1.021419118777775,,0.0342200460906118,,,,,,,0.0600655413341489,,,,,,
029780,0.5531268038352259,,,,,0.0177407717242713,,,,,,,0.0238678192027584,,,,,,
030200,1.327110436562032,1.0271863229954534,0.959422213067292,0.4360786366836759,0.0306255817933984,0.0228184026746113,0.0157803632403578,0.6249254772485413,1.6252714196465026,28.536159540419256,0.0020825914260138,-0.5093443101903655,-0.0194339814987512,0.4297174660422884,0.0972764847872217,0.8137177931625151,,9976391000000.0,0.0098615510291359
031210,,,,,,,,,,,,,,,,,,,
031310,0.1566859950772974,1.7703445993435758,1.7703445993435758,1.0960475363273094,,0.0228380206593839,,,,,,,0.0545293322417917,0.8645388672948991,0.1354611327051008,,,-817404838.0,0.0190591728609451
031330,0.2157572218449499,2.1120015220784576,1.4413873641157642,-0.1616510362816669,0.0248459458317599,0.0545350087927109,0.0241156659289981,3.6142265625927874,,13.865824125798298,0.1697390467700008,-0.0123510730535423,-0.0749027381629927,1.645065284469326,0.3549347155306739,8.81956687626128,,-10633529226.0,0.087159480375199
031430,0.2232522935318605,1.595245737370596,0.6154351344042763,0.0534254567636362,,,,,,,,,0.0068377483853641,,,,,,
031440,0.4792448196674387,1.6804761192464812,1.2895834673856423,0.1830863679431035,,0.0097691618685485,,,,,,,-0.0477271329641779,,,,,,
031820,0.4515868200455606,1.2343597459470037,1.07982140901591,0.0521620334669725,,0.0311092637675205,,,,,,,0.1768140429546671,,,,,,
032080,0.0522867778625462,6.38733901604824,5.138720747523005,0.1470576036792043,0.015400992348592,-0.0089402793747107,-0.0577845392278441,0.2916212350806333,,2.3409663142884947,-0.0464783561503221,-8.250008063096905,-0.0529338348429917,,,,,,
032280,0.2617272176950958,0.4545397082778891,0.4430940172104282,0.0539258401415781,,,,,,,,,0.0117356895240231,,,,,,
032640,1.24759103136395,1.0288506041880363,0.9795353584473744,0.304890207837741,0.059016636902967,0.0359028879843863,0.0215109566379887,0.7347806935406869,2.9207653519839067,48.20879316482734,0.0175731282508847,-0.1351671441067461,-0.0195454315927306,0.4449208001124431,0.0187225520138544,2.767941609397398,0.3224044095486103,930168000000.0,0.015805835637185
032790,0.1980957483040261,1.951792127416476,1.9183272522930903,-0.2985686823475532,,0.0630901132704271,,,,,,,0.379845817856464,,,,,,
032830,8.536914351734689,,,0.0178887278788873,,0.1133200888086534,,,,,,0.0422677502327615,-0.007742465916247,0.1048557178054249,0.001025985478314,1.3977974110213325,,4756434000000.0,0.01393292667568
032850,0.0613212736401362,4.717360499340714,4.692263563173791,0.2778704425877471,,0.0504129715684436,,,,,,,-0.0063419100089923,,,,,,
032980,0.5150889550284722,0.3936478302327256,0.3351968104699442,-0.0523479420254856,,-0.2412681686758827,,,,,,,2.22784114853072,,,,,,
033050,0.1263423444671284,2.4597047760201507,2.238766873243276,0.1119860370166813,,0.0072793594516937,,,,,,,-0.0001726828755965,1.7756590701082078,0.2243409298917922,,,-1232228996.0,0.0128783001949964
033160,0.5018452802032307,0.6975119921612247,0.4608531604979699,-0.161672242165337,,-0.0095760170871109,,,,,,,0.1031587071468163,1.3316950995973158,0.6683049004026841,,,-52539656235.0,-0.0130524360783875
033200,0.0423766119226228,9.533635024783583,8.930268484994722,-0.1219997547564571,,-0.0133561822272243,,,,,,,-0.0240077686914598,,,,,,
033250,0.3180205786868059,0.4742599866149156,0.4742599866149156,0.3109747330183401,,0.0425962454147001,,,,,,,-0.0319909580629534,1.517426990398493,0.482573009601507,,,2693511606.0,0.0630400484978015
033540,0.8846125996123905,,,0.1950039159022971,,0.0041371464761975,,,,,,,0.0132818605993654,0.2653065145074565,0.2346934854925434,,,1151117320.0,0.0010908697862244
033780,0.4879830185826415,2.2833489453012645,1.2965772245145228,0.1800560658600867,0.2011940850177159,0.1249100968188105,0.1971636503704987,0.4426444551062078,3.851645481001672,-1.025311496071155,0.0078777226790534,0.0183991584256803,0.090255575045418,0.6720506803582589,0.0432192285129509,-12.97336170677143,,13565000000.0,0.0872733965850003
033920,0.0817053549579626,3.812873999437743,3.812873999437743,0.0117409736272865,0.1195421477509057,0.057244447091506,0.4488201661387674,0.2326093612246811,9.762552633425027,,-0.0369264225649348,0.045023857035258,0.0529583004290884,1.848932327859026,0.1510676721409739,,,-9594141396.0,0.1043997721502939
034020,1.2566355706652517,1.123320388740216,0.8177102825677244,-0.0442969417438261,0.0626869064387448,0.0350794114866988,0.0243139076409215,0.6371442204006781,12.374193646746289,5.121751312409005,-0.0771371028627356,-0.3064897997571079,0.0679360528137968,0.4431375685996131,0.231721384534617,0.7610750783811598,,-1306573000000.0,0.015491465728769
034220,3.070401534435296,0.638311582182174,0.4698754984840234,0.0973003771892888,,,,0.7757443201041626,7.37309712027729,-9.247957960903795,0.2477414486522997,,-0.0810902943340778,0.2456760080154436,0.0026858540980121,,,-504793000000.0,
034810,0.20353365305627,0.3441741962694494,0.3441741962694494,-4.90543918234788,,-0.0111547499920971,,,,,,,-0.0421559760265926,1.6617732249706292,0.3382267750293709,,,-8684213868.0,-0.0185248845434563
035200,0.0527441562733404,7.6764400922389155,7.6764400922389155,6.100308129346232,,0.0240907499380221,,,,,,,0.0379454537264665,1.8997968196564452,0.1002031803435546,,,,0.0459647181080918
035420,0.4135772988115132,1.5388484551135029,1.535279311551803,0.2319228658942592,0.1843281045113138,0.0754105170434287,0.1799242767795078,0.2905789087639611,2.733164826773705,587.4810691594639,0.1103417450567252,0.3294173106255005,0.0679965537369134,0.707425056161248,0.1898089535340421,-3.419207943219765,,2009769104712.0,0.0522822000067342
035720,0.8484704831861212,1.2694595133952142,1.261941439073268,0.2286827816894453,0.0584641967494113,-0.0116447390027584,-0.0205636301649756,0.3089785734183659,13.574637815961967,77.34615777899273,0.0416422349395615,-0.0014010484015024,0.023552823538828,0.5409878107852429,0.1188614532268464,1.2063855830581058,,2199420674708.0,-0.006353721112677
035760,1.533022783558561,0.7628117916166839,0.7268942284767937,0.5301341020465079,0.0199715261478951,-0.1478766836540876,-0.1110318199181358,0.5430525507083823,4.923942502049725,-27.830596512723417,0.1975568147523511,-8.15585907743032,-0.0636413781318658,0.3947852370262271,0.2838877467168164,-0.3572734962501302,,1776137896434.0,-0.0602961130163374
036010,0.141444802572847,3.4021596093518154,2.662897143790997,0.243609211858105,,-0.0458397309269059,,,,,,,-0.0173803261732017,,,,,,
036570,0.1148528705413045,6.043448151062973,6.043448151062973,0.3579182936349413,,0.0132687545968426,,,,,,,-0.0978963120028998,1.793958694324321,0.2060413056756789,,,28874213996.0,0.023563935426782
036670,0.0694621904012726,5.250351194990538,3.770912129067564,1.373757828745578,,0.0612542417152213,,,,,,,0.1414068405453026,,,,,,
036810,0.3051937446138269,1.0595968487922156,0.769885596388092,-0.1747819772099421,,0.0132983524494802,,,,,,,0.2742677061966049,1.5323395536129758,0.4676604463870241,,,-75325392008.0,0.0209883355279403
036830,0.338993770285885,0.9027033726559772,0.6655269210606547,0.3909920691344238,,0.0404607224589413,,,,,,,0.118594250589284,,,,,,
036890,0.1352983293508713,3.261493290079066,3.261493290079066,16.563036352871286,,0.0439676223691074,,,,,,,0.0378727208987711,1.7616514957293543,0.2383485042706453,,,82452200682.0,0.0767432466878462
037760,0.3353761539333459,1.0964613016103135,0.9026193097509032,0.0339420002876131,,-0.005425718782654,,,,,,,-0.0159225474593916,,,,,,
038070,0.0777736304800923,4.388979057953465,2.4640681635626978,-0.8426393147037557,,0.0150303499596076,,,,,,,-0.1102112565588783,,,,,,
038290,0.3002101202443931,0.8889852966248927,0.7185699985985227,0.0467959096483262,,-0.0168136518473714,,,,,,,0.2786538747313996,,,,,,
038460,0.1147147757478079,2.3499967284893706,1.5088117330209596,-0.5930826298534598,,0.0136712742307268,,,,,,,-0.0154805477899696,1.7941809362473886,0.2058190637526113,,,-11360615339.0,0.0231839710004012
038500,0.3251953151668174,1.0211496163192144,0.7460217954554963,0.1730374506258126,,0.0295896928755416,,,,,,,-0.0232939304986654,,,,,,
038540,0.7990071946920773,1.0884653775821538,1.0876996318408194,0.2965006336340596,,-0.0619827682638838,,,,,,,-0.2398061291096615,,,,,,
039610,0.1460066209164767,4.226960623421813,4.226960623421813,1.172101781591914,,0.0296978449704385,,,,,,,-0.0033991854674683,1.7451906153915353,0.2548093846084647,,,-586332998.0,0.0511535924574647
039830,0.524562411511059,0.3814965436551891,0.3814965436551891,0.1462182390714316,0.0976077142345408,0.0082485375560818,0.0257483968732641,0.4181571226245816,,,-0.005202457918606,-0.1034982509107282,-0.0295012091737226,1.3118518368937842,0.6881481631062158,1.0526993823875257,,27406895543.0,0.0107668755487199
040910,0.3266829899928472,1.5336881883329452,0.7935268630428155,-0.2954651629720964,,-0.1819708592831216,,,,,,,-0.0750332756856185,,,,,,
041190,0.0914598329218975,33.31195160556457,33.31195160556457,-4.875751685937457,,0.1124970027168866,,,,,,,0.2695136928870062,1.8324082478105408,0.1675917521894591,,,,0.2060264453434785
041650,0.3020614080227011,1.086855166050405,1.086855166050405,1.4703614827615676,,0.0221188042347515,,,,,,,0.0001061965783177,1.536025864584361,0.4639741354156389,,,16920945956.0,0.0337269371720573
041920,0.0920426209028738,11.092079444300849,9.854213692693865,0.0857964076715218,0.0229531825594309,0.1087760137529373,0.2178174076138602,0.2268122846943309,4.203588968811566,4.412437596066927,-0.2726588000847523,-0.8607545206455964,0.2469231872119199,,,,,,
042000,0.4916892374138152,1.807578702849382,1.807578702849382,3.202051093523503,,0.1714585709859367,,,,,,,0.2154381529357759,0.3351904588832889,0.1648095411167111,,,58405460407.0,0.055323756200955
042110,0.1426900454588948,3.0492005597591656,2.609680238850451,,,0.0281999867583893,,,,,,,-0.0224142093733425,1.7502559053070397,0.2497440946929605,,,,0.0485816383449723
042370,0.1657730726507744,3.5097483729563708,2.844356397065303,0.3252412358068504,,0.0440538434806606,,,,,,,0.1621096818466345,,,,,,
042940,0.1630498938241717,2.841630216126477,2.841630216126477,-1.8535754468204788,,-0.0008928682704054,,,,,,,0.0076458886396829,1.7196166825000865,0.2803833174999136,,,-29212654800.0,-0.0015172005935061
043710,0.2836881029589453,2.148158949348372,1.8675970485883084,-0.0267085909230459,,0.3259104447867256,,,,,,,0.3434524723172047,,,,,,
044480,0.3784342293752841,0.5497097889698108,0.4211463197542097,0.038732212103246,,0.0474349345133469,,,,,,,-0.755297047018218,,,,,,
044490,0.1468833331797575,3.16913240385031,3.16913240385031,0.9363857903215616,,0.0184722424936978,,,,,,,0.093365619224237,1.743856538968928,0.2561434610310719,,,65342349087.0,0.0317329907067446
044820,1.165435851091351,0.2544389836043934,0.2544389836043934,236.0730256365923,,0.0340135784747768,,,,,,,0.1422992331850329,0.4618007961288778,0.5381992038711222,,,,0.0166488785789696
045060,0.0727978291008978,2.90815834057718,2.90815834057718,3.395905311841998,,0.018878087154655,,,,,,,0.0008489126445582,1.864284160302768,0.1357158396972317,,,687024101.0,0.0349874509982889
045300,0.1648435047963055,1.450592581365013,1.346306560200965,0.1825089307362363,,0.027080336724198,,,,,,,0.0568608075588209,,,,,,
045970,1.1934190497082355,1.0998429190629893,0.9578772330612064,0.1768017582865374,,,,,,,,,0.0105905776694681,0.2279546172750296,0.2720453827249703,,,8903121704.0,
046310,0.1446038361564661,3.966313558591793,3.046526107460492,0.852174606891722,,0.0753651406096535,,,,,,,-0.0494930492075437,,,,,,
046390,0.0687333547613705,16.86453695755201,16.86453695755201,36.228069905150754,,0.0196747276338193,,,,,,,-0.1775594378615444,1.871374174942416,0.1286258250575842,,,4178403916.0,0.0347685942579694
046890,0.1213733562336582,1.6333394891701072,1.6333394891701072,11.473499007386904,,0.004898425874627,,,,,,,0.0173719968396744,1.7835273050515248,0.2164726949484752,,,49801046286.0,0.008779735420302
047080,0.5617685161870356,1.1423378346153878,1.1423378346153878,0.2783285865619441,,0.0010160453275038,,,,,,,0.0164116194823063,1.2805995122010017,0.7194004877989983,,,211750306.0,0.0012935303834616
047400,1.6314902178822683,1.0854787614146737,0.6332506025885578,0.0624141229251638,,-0.3277905295460891,,,,,,,-0.1091164502820505,0.380012812969818,0.6199871870301821,,,3387020568.0,-0.1411441507551388
048870,0.3358380016187668,1.990591436518765,1.7170976794549353,,,0.0792851171570859,,,,,,,0.0984956142475185,,,,,,
049470,0.3000638396367356,1.2693433405407986,1.2462315953751155,0.131738870837316,,,,,,,,,-0.032644472024961,,,,,,
049830,0.0854318866461368,3.271326657796428,2.331025936942027,1.1416310707143162,,0.0113748583781103,,,,,,,0.0185120852554925,,,,,,
049950,0.0842339477471459,4.367030094469678,3.5039296594325218,-0.222538714296018,,,,,,,,,-0.0392545813801423,,,,,,
049960,0.0203234600888571,19.14799916038289,19.14799916038289,58.56120879066856,,0.0561927049234217,,,,,,,0.0979618065447482,1.9601627113678493,0.0398372886321505,,,20462720559.0,0.110264433255242
050090,0.2279266216262495,1.669270209893576,1.5786598423517406,-0.0166417859770165,-0.1357294058665434,-0.0608940746982694,-0.4343150357766023,0.2275016933419042,,6.087529597688217,0.0789175629689083,-9.190102881051196,0.0075213952783594,,,,,,
050860,0.0202628359413138,18.245372064890947,11.754203337544087,-0.5179776954672082,,0.0222626883152492,,,,,,,0.0142113365843168,,,,,,
050890,0.2122456736090626,1.640227780395035,1.3411590250707766,0.3587351441848218,,0.0596573385709067,,,,,,,0.0864974000418089,,,,,,
051780,0.5668408620084243,0.7610301909654705,0.7610301909654705,0.0365232770485723,,-0.1604434886744401,,,,,,,0.1385941642313675,1.2764538176751017,0.7235461823248985,,,995067106.0,-0.2253103848422915
051900,0.3024776946514608,2.2039106437680305,1.4921134898463304,0.2405147605137048,0.0673886357974738,0.0362955967590249,0.0299310278674763,0.9314763024498484,11.601434510562974,-3.5984575206708174,0.0010403458813555,-0.0573642496726644,0.0256912655971,0.7677674666571522,0.0423738527232347,-21.7179782145532,0.415529237988455,413652678346.0,0.0278800431665202
051910,0.9555548823437748,1.319169132356277,0.8995754804069503,0.1528998578985323,0.0187422530625088,0.0115819155422478,0.0105284550053291,0.5710346922099668,5.833213567236957,-4.54154189595868,-0.1146372062805312,-0.6375140558501595,0.2115885828301902,0.5113638124037093,0.0124358601263047,-0.3376829257961515,,-7767519000000.0,0.0060121130634146
052420,0.0423497340749522,5.685576412483032,5.228446210652133,1.7051629643708837,,0.0366864777254489,,,,,,,0.0732156451009958,,,,,,
052710,0.4090636527662616,0.9549161971483802,0.5066596175620109,0.0317607891102627,,-0.0756729735854919,,,,,,,-0.0538166672905677,,,,,,
052770,0.320157397246311,1.3963660555588493,1.2724859726378364,-3.648334194851696,,,,,,,,,-0.2697367756830793,,,,,,
053030,0.5384193716397702,1.00382014398499,0.6678285399639742,-0.0423671994196347,,-0.1938651817913084,,,,,,,0.0870655347177545,,,,,,
053210,0.2867212584071928,1.786203602183167,1.7820026174551755,0.2857871749562412,-0.0010516876914305,-0.1635879038399474,-0.2854368975571619,0.906875244169138,7.247607111000613,715.1462272580947,-0.0026013789424828,-1.07647416689709,-0.1443260657018083,,,,,,
053450,0.3460328020406483,1.5436589121788304,0.7726342397360696,0.3095906462221454,,0.0240790259844501,,,,,,,-0.0096910915532734,,,,,,
053800,0.1150595981976375,2.544781482578104,2.4763495654632024,0.3270019032041689,,,,,,,,,0.2378358293127283,,,,,,
054090,0.4384884948770263,1.4053735139403012,1.4053735139403012,-15.314914160755436,,-0.0861403583625375,,,,,,,-0.0919745429893021,1.3903482767660067,0.6096517232339934,,,-11940582089.0,-0.1234423406817845
054180,0.2164409853628539,0.5569258496044698,0.5126458714461883,-0.2289475141734514,,-0.1453567022265224,,,,,,,-0.1671486329230263,,,,,,
054220,0.4897277108313959,0.7886813873907069,0.6356349883830262,-0.0512988153774549,,,,,,,,,0.2606299354839734,,,,,,
054800,0.1576350114654034,2.695193106622732,1.9754555704897383,0.2109523224955383,,0.0449925924135533,,,,,,,-0.0101973439267253,,,,,,
055550,11.576526087190617,,,,,0.0791741406404414,,,,,,0.0586508437348894,0.069339760926083,0.07951321319315,0.1267509929541662,-0.3627032595430255,,,0.0063681177298166
057540,0.0609041959696527,4.206476065781102,4.206476065781102,-0.8141291112234388,,0.024465626965003,,,,,,,0.0658375531518724,1.8851843621676183,0.1148156378323814,,,-14043209419.0,0.0462500989361719
058110,0.1495493468785533,2.302386214392865,2.302386214392865,0.1147701450745291,,-0.1093757655611131,,,,,,,-0.1872589604955146,1.7398122189627885,0.2601877810372116,,,-3481766559.0,-0.1938069901942063
058470,0.0559155810624636,14.682430295358834,14.259126600053358,3.162649581766765,,0.1920466704565076,,,,,,,0.1279434245614232,,,,,,
058610,0.3109664585907434,1.230596036323413,1.230596036323413,0.0262651640030724,,0.0062665783143215,,,,,,,0.0996399388111823,1.525592044627862,0.4744079553721377,,,-3810279609.0,0.009582167688128
059090,1.6136477904200506,0.9782209000114518,0.8423894094809946,0.1400987909802127,,0.170233824153635,,,,,,,0.6700854268977582,,,,,,
059210,0.2969396097728826,1.2766377370744342,1.0215331454788334,0.2514929549107431,,0.0937642378017871,,,,,,,0.3625060042271487,,,,,,
060230,0.4178023192689633,0.6805814473900104,0.6805814473900104,-8.341555704318047,,,,,,,,,-0.168707198063489,1.410633889378334,0.5893661106216662,,,-6551600143.0,
060240,0.5881059668493793,0.4980707209731634,0.3591907681227743,0.0512156202018217,,-1.192423559436265,,,,,,,-0.1331564478061743,,,,,,
060540,0.0412488402340958,4.739256010452658,4.739256010452658,-0.8218539235,0.2302525560317882,0.0358256762431067,0.3112815729682787,0.2202029232096176,,,0.0149920325251867,-0.3221905314868163,0.0446516702604043,1.9207704467169977,0.0792295532830023,42.296183914083855,,-1771195392.0,0.0685451123089028
061040,0.2616890400386563,0.995266357172268,0.995266357172268,0.8843857943635876,,-0.0432738856714955,,,,,,,-0.0783085202189639,1.585176645379057,0.4148233546209429,,,13526411522.0,-0.069374490911912
062040,0.0630394834738849,5.805999895583511,4.656551432234846,0.8001516907787405,,0.1345141813014178,,,,,,,1.5753704483596294,,,,,,
063170,0.3274778671563025,2.186186526553172,0.6519836897326042,0.111453372001602,,-0.0299060996590713,,,,,,,0.0829087055884658,,,,,,
063760,0.0690457720462649,4.595617172072097,3.1651252710777,-0.5153889802505738,,0.0191994456433695,,,,,,,-0.134436167763783,,,,,,
064290,0.4663557698497133,1.1073635677019726,1.1073635677019726,-0.433263397825421,,-0.068340032524823,,,,,,,-0.0621245913067266,1.363925481880144,0.6360745181198558,,,,-0.0952874739449182
064480,0.1835804050096058,2.06464534550771,1.992923719431443,-0.5553026937814997,,,,,,,,,-0.0816027695903235,,,,,,
064520,0.0222366835214226,28.15399025158656,27.176628766578013,-4.622261357220035,,0.0070983936593064,,,,,,,-0.0383972020379335,1.9564940607593515,0.0435059392406486,,,-2163564591.0,0.0130850618892435
064550,0.2538463316702009,1.0550493561280208,1.0550493561280208,-0.278368998418404,,-0.1080667127283499,,,,,,,-0.0200223365349499,1.595091798319397,0.4049082016806029,,,-22071928552.0,-0.1790551642863543
064820,0.1877993382619882,0.6354337858076627,0.6354337858076627,,,0.0295230767227593,,,,,,,-0.0052476841732451,1.6837860870729562,0.3162139129270437,,,,0.0494734876165675
065060,0.5206197713646207,0.3544470246421897,0.1363181034644204,5.625433766187038,,,,,,,,,-0.0456629307458663,1.3152531866695238,0.6847468133304763,,,2561487581.0,
065170,0.5023006235281072,1.0465434874767363,0.8002046528202938,-0.249138995291081,,-0.2039277329218027,,,,,,,-0.1862347843090203,,,,,,
065350,0.4185352704792865,1.0212969790589843,0.8144851623895059,-0.0883091727738395,0.0298731112080111,0.007124581420063,0.0081892784809341,1.240708266865866,5.173920798471579,11.38808839301256,0.0911814488393814,-0.0901049715162948,0.1181020126204256,,,,,,
065450,0.2957899889115215,0.984050896845472,0.5876588466022182,0.230142066330785,0.0254379916569233,0.0240337572769749,0.0534260595138912,0.7008764419577123,,3.83200728354116,0.3014822396639317,-1.4192076802918163,0.1070899093415064,,,,,,
065530,0.291997198487089,0.8969442403121487,0.8969442403121487,0.6182466505518387,,0.0144707343322665,,,,,,,-0.0230185463788245,1.547990972690941,0.4520090273090587,,,14841246030.0,0.0222698192485173
065570,0.060220068709072,5.849932815581822,2.640955326496965,0.6845212808375011,,0.0067866673103363,,,,,,,0.0151250349909035,,,,,,
065680,0.1397626988710875,2.435919516896845,2.2007819674436235,0.6499220362699523,,0.0081552509054674,,,,,,,0.0274333717522756,1.7547512319721996,0.2452487680278003,,,17824069332.0,0.0144268362084364
065710,0.0661062087573856,4.033391819379006,3.006113779050792,-0.3459690387098192,,0.0589563975288702,,,,,,,-0.0183415827087506,,,,,,
065950,0.277387377982199,0.6703825181483736,0.6703825181483736,0.0619527144222664,,0.0017692988855372,,,,,,,0.0679719624620575,1.5656957587597762,0.4343042412402238,,,1691537563.0,0.002800079370893
066130,0.1719583158321385,3.373757617292528,2.6860292517661466,0.6897652850585931,,0.0251482384536139,,,,,,,0.0699257451162352,1.7065453378176834,0.2934546621823167,,,8494048452.0,0.0430961591552986
066310,0.0294950426467219,7.967798305222629,7.967798305222629,2.416581159651931,0.0185423784342473,0.0150682571879862,0.1218011614968016,0.2400593041963136,,,0.1435952031648877,-1.096920845039702,-0.0067508171762511,1.9426999812045849,0.0573000187954152,0.2277157309320717,,144320660.0,0.029239502079225
066430,0.2300746777137989,2.2175082738647567,2.124007804022604,0.3645566677880157,,-0.3319488621311898,,,,,,,-0.4262901725431874,,,,,,
066570,1.6031438860997036,1.242281160089747,0.8493713745913705,0.2171622615460838,0.0389803472731259,0.0242809514229052,0.0067408783188964,1.3939447963222993,7.944309714784496,6.683428521235508,0.0664398371538271,-0.0639474950551474,0.0894542673101929,0.3841508743868562,0.0402216750130798,3.0193246312012403,,5109223000000.0,0.0093964122552674
066790,0.0486139841902668,8.836099257176551,8.835532811746198,0.7151946716948054,,-0.0163122780343489,,,,,,,0.2046470660888181,,,,,,
066980,0.4069158763316545,0.6216810152863935,0.6216810152863935,0.9047357520251584,,-0.2670374199220827,,,,,,,-0.4385024455665867,1.4215491015814914,0.5784508984185087,,,14782362305.0,-0.3948002885548589
067000,0.4097074373495792,0.7616505290304438,0.7616505290304438,0.7375888233777254,,-0.0079277488575421,,,,,,,-0.0376957575169578,1.4187340912099056,0.5812659087900945,,,5732476735.0,-0.0113381128530236
067170,0.2566159959978132,0.4033380281147697,0.4033380281147697,-0.0885644292634808,,-0.0730849712887167,,,,,,,-0.1590603070423945,1.5915761110552349,0.4084238889447653,,,-4154184453.0,-0.1174149289745601
067280,0.1896099887657523,3.1890255681468798,3.1890255681468798,3.824517190733256,0.1084306928435006,0.0603965019270175,0.0880680365989948,1.133168704855276,9.027641294644722,,-0.0260343331042383,-0.0419751508024797,0.0030405471336896,1.681223273919418,0.3187767260805821,18.59912603678801,,32450199145.0,0.09979594297203
067370,0.2581271453568113,0.6541439937419347,0.6541439937419347,0.310554204,,0.0646528443427258,,,,,,,0.1110678475620924,1.589664452739226,0.410335547260774,,,-3640551419.0,0.1017364523095145
067830,0.1278427012159847,1.160448219367331,1.1104541758194344,0.1997770911709459,,0.0218514011452538,,,,,,,0.0059971670073508,,,,,,
068270,0.197676208202995,1.7520921985943596,0.8842420912809851,0.2595190677304905,0.1383113718935908,0.0241390560858601,0.1177530407516956,0.1734760757081264,3.30233010012601,-0.6462370149422667,0.6344660987866854,-0.2447742665969229,0.0550392770969633,0.8349502087049134,0.0149179261519225,-6.129284097568645,,568346288884.0,0.0204273354123032
068290,0.2051500239943848,1.737169091466496,0.9579916427017529,0.387015736173763,,0.0115446012132885,,,,,,,0.1584285031475533,,,,,,
068330,0.030200394191275,13.507781394132614,13.507781394132614,8.145555159079798,,0.0542068033098718,,,,,,,0.0370727051051514,1.9413698648116264,0.0586301351883735,,,11709044380.0,0.1046869270198871
068760,0.2916609440220779,1.2488941945862302,0.9514041908736128,0.1464413315300375,,,,,,,,,0.1636887708058556,,,,,,
068940,0.2229328347375806,1.8951005421656697,1.14728200034815,0.4023174950678644,,-0.0375095196319213,,,,,,,-0.1504620732131655,,,,,,
069540,0.3058292944425988,2.85174560695328,1.5411489989648994,-0.3020323074770253,,,,,,,,,0.1659319680119918,,,,,,
073570,0.305886610191185,1.8718893433027135,1.674182947383476,-0.086154618851003,,-0.1714764049747647,,,,,,,2.0439360165327445,,,,,,
074430,0.0469544681302829,10.713435556613124,9.312390498276876,1.4656995796875276,,-0.0146898337071325,,,,,,,-0.0152409663951475,,,,,,
075580,0.4268635327936145,0.5840675125643044,0.4823221380239343,0.0852015089472378,,0.0267579617785879,,,,,,,0.1412793479600018,,,,,,
077500,0.3499979718115598,1.7409051465148324,1.2119554068795904,0.0061688335844648,,0.0088676013568747,,,,,,,0.0639733398736808,,,,,,
078070,0.0182166651562464,16.474358458909297,16.474358458909297,181.05743987365787,,0.0155264462159926,,,,,,,0.0137773457961762,1.9642184894833727,0.0357815105166268,,,,0.0305358636707885
078160,0.2424487303575211,1.6600783226686708,1.4614230942015631,-0.249119781918724,,-0.1760949698339353,,,,,,,-0.0781168109956115,,,,,,
078860,0.1749107539632927,0.7718984079683355,0.7718984079683355,0.1794231540240634,,-0.0976778442255076,,,,,,,-0.1706911713141057,1.7022569529246858,0.2977430470753142,,,842863836.0,-0.1680734148566217
080420,0.4345697028463648,0.5060253509857568,0.2838833419339626,0.043000527193441,,0.0093993481000586,,,,,,,-0.0159073404623276,,,,,,
080470,1.967090477902448,0.9395302602466576,0.6604594543066582,,,0.1231305888739238,,,,,,,0.1500077447154363,,,,,,
081150,0.1841914194290927,1.8694749918488012,1.8694749918488012,5.358722426628865,,0.0034859575744212,,,,,,,-0.021458398655332,1.6889161390514165,0.3110838609485834,,,19271800930.0,0.0058558049708746
081180,,,,,,,,,,,,,,,,,,,
081580,0.0847071892155099,3.27364280541572,3.27364280541572,-1.183214006197712,,0.0392982740232389,,,,,,,0.0255119273876534,1.843815565974496,0.1561844340255041,,,,0.0715308641583471
081660,1.0233133574074147,1.995984389479972,1.1703201799046072,0.3865642720794315,,0.07853060757284,,,,,,,0.1116915401988383,,,,,,
082210,0.7655680472155796,0.2573929089707937,0.2487216230764885,0.8818508581684259,,0.0268134632069846,,,,,,,-0.0117210141730679,1.1327799022836509,0.8672200977163494,,,76235083170.0,0.0304918004707039
082920,0.0579806681025724,7.240249097920748,5.835467224155723,1.7156372563581668,,,,,,,,,0.240199102720142,,,,,,
084440,0.4229285158396663,1.1199637219136855,1.1199637219136855,-3.378526426195948,,-0.0171629695555037,,,,,,,0.2137790369027921,1.4055519850340517,0.5944480149659483,,,-891821125.0,-0.0227820505523238
084850,0.5076449765975406,0.5489939624398684,0.3337638035062358,0.0742920861263854,,0.0015491837541088,,,,,,,-0.0085548122595927,,,,,,
085620,0.8537447981490707,,,-0.0398362802096559,,0.0076506837889376,,,,,,,-0.0180829006901866,,,,,,
085810,0.0908826422687964,4.0471899324538665,4.0471899324538665,-38.85465488454167,,-0.2209337703873788,,,,,,,-0.0316670614662603,1.8333777828203768,0.1666222171796234,,,-3704981710.0,-0.3777281041045835
086040,0.5955230273695319,0.7166757619440637,0.5368171044952211,-0.1344773340967789,,-0.1042891971069834,,,,,,,-0.073758157042205,,,,,,
086060,0.1271373981201543,3.564111702940225,2.322559903720505,-14.725101831682762,,0.018491797667719,,,,,,,0.0877712528018603,1.7744065659924075,0.2255934340075925,,,-1568683872.0,0.0331265525579643
086390,0.2069656277931212,2.2240773767412403,2.2240773767412403,-0.4984160284502888,,-0.0889042786876764,,,,,,,-0.0512890094447987,1.657048016899126,0.342951983100874,,,-18196592582.0,-0.1537305266468369
086520,0.3256433367448403,0.9610081181919018,0.9610081181919018,-0.0295887859725491,,-0.046989548939917,,,,,,,0.1709317421642149,1.508701431646814,0.4912985683531861,,,,-0.0728086647854792
086670,0.3410447287019695,1.429706563876348,1.429706563876348,5.251461384315022,,0.0481928951048558,,,,,,,0.0501174305261277,1.491374565810232,0.5086254341897681,,,-20112371716.0,0.070925965212398
086710,0.3129514038145236,0.968312776235034,0.968312776235034,0.9566620732917538,,0.0479959686370578,,,,,,,0.2347645802087183,1.5232856251871858,0.4767143748128141,,,-11659743179.0,0.0740432845049111
086790,13.637276120916006,,,-0.0178973589650287,,0.0899854348167336,,,,,,0.0344685640942709,0.0775798298907281,0.0683187221269294,0.101716491289353,-0.3161833985126457,,-13020387000000.0,0.0061288179904425
086820,0.032489660653903,20.135678701988347,19.478403193312168,-0.5380481592456409,,,,,,,,,-0.0387826378092107,,,,,,
086900,0.1163615229712397,1.8367942987563664,1.8367942987563664,0.4191105334408732,,0.0206469259610319,,,,,,,0.0028574784297324,1.791534336186115,0.2084656638138853,,,13873933000.0,0.0369565152848428
086980,0.1661118584608505,4.656736998114509,4.656736998114509,2.254894352464183,0.263972815931494,0.2307834135984293,0.2941908818398438,0.6499583058197488,18.26874192834257,,1.3140052433210645,-1.8697307980889664,0.1650822194226143,0.8575506652679947,0.1424493347320053,-276.5062148723983,4.282551817676092,,0.1912118071482427
089010,0.425145373790512,1.1499095361833191,0.925023137146256,0.0800065811528138,,-0.0338696736685396,,,,,,,0.0457694490649619,1.4033656052087695,0.5966343947912305,,,-29871082532.0,-0.0466369387149512
089150,0.2225928592287214,1.0404189740988343,1.0404189740988343,,,0.0100598304315766,,,,,,,0.0018217360576249,1.6358675620449064,0.3641324379550936,,,,0.0164903772079513
089890,0.1709824986162341,2.1517292987296424,2.1517292987296424,2.8288349911947317,,-0.0011719544316912,,,,,,,-0.1327601603114436,1.7079674566984793,0.2920325433015207,,,29137176290.0,-0.0019780913929385
089970,0.3330872113420122,3.825243097632628,2.635579328246099,0.5354225699426418,,-0.0280001745580727,,,,,,,0.0979156495934853,,,,,,
090430,0.2736571071633635,1.5832807172008074,1.128960237789405,0.4911915077659523,0.0567503376310988,0.117983782449059,0.1548582319574715,0.6132762380871465,11.439582108074664,2.5520939333347914,0.0574712026058928,1.0382618257512508,0.1523817638369801,0.7851406743430017,0.0712740909390951,5.140428850534431,,610091866427.0,0.0949708739317048
090460,0.1907810573583196,2.189789677844259,2.189789677844259,0.7662679873782093,,0.0532130946545407,,,,,,,0.1910746834951766,1.6795698820040743,0.3204301179959254,,,87434418819.0,0.0912009854586559
091580,0.3287997706746361,1.087659460458247,1.087659460458247,0.3332416341247213,,0.0418126811624139,,,,,,,0.1729489578916467,1.5051176589115405,0.4948823410884596,,,13533903375.0,0.063453564482974
093240,0.3246393409673814,1.840934084509823,1.840934084509823,-0.1521771118238638,,0.0279818903119419,,,,,,,0.1468729293944844,1.5098449352556629,0.490155064744337,,,-1854405523.0,0.0427230941579401
093520,0.4838683140740857,1.4313637670962616,1.4313637670962616,-4.186985977052792,,0.0571203171299025,,,,,,,0.0330726498610571,1.347828497333993,0.6521715026660074,,,,0.0762590257374013
093920,0.0694824876837782,5.820621501437541,5.331129150989481,1.7549766242461975,,0.0776784140601706,,,,,,,0.0873793420425682,,,,,,
094280,1.3526214151068032,1.1598833002248474,1.0718101727048213,1.404454339709324,,0.1739394624677555,,,,,,,-0.0536737791534138,0.4250577647464806,0.5749422352535193,,,64369598061.0,0.0714315734326256
094840,0.024688064735136,16.317183679599626,16.317183679599626,-21.17195090861457,,0.0219386697775527,,,,,,,-0.0191453053373668,1.9518135019138383,0.0481864980861615,,,-6774086596.0,0.0422932090535418
095500,0.3062238279339568,1.3132324011940937,0.8855693985782438,-0.0120861826688618,,0.0284426478923363,,,,,,,-0.0435750319452517,,,,,,
095720,0.7718030516612919,1.2149062593586286,1.0669877251336302,0.2848795982951447,,-0.1514604446802359,,,,,,,-0.1380355051337542,,,,,,
096530,0.1023445179148533,4.62249698073929,3.945034038636382,0.3815454524733815,,-0.0090722216823501,,,,,,,-0.0368954711450997,,,,,,
096610,0.3091309236121219,1.797232859978647,0.6872126184346274,0.3823892979472855,,-0.1416200577372003,,,,,,,-0.2555270609565017,,,,,,
096770,1.7877210332755014,0.9627005258090232,0.6887327128444634,0.0551198585781107,0.0042224455470463,-0.0681073981654239,-0.0317529331084356,0.7808818926414964,11.523839053419731,6.587484006622921,-0.0332716530962315,-0.8342924497718961,0.3673457754365486,0.3587159504353365,0.1781877151630016,0.0493113065511039,,-6303258949000.0,-0.024795290502634
097950,1.4626746101973709,0.8583366697215092,0.6144281431737789,0.1259410736066058,0.0528973503791035,0.0301244351569049,0.0123244847090734,0.9826275426816284,10.336058438688497,9.00654307607174,0.0115633616642731,0.2024146677506672,0.0183649524440714,0.4060625775972308,0.2947412458898698,1.2587833553354764,,1116205327000.0,0.0121103781244941
099190,0.2654460964808143,2.4169799289437903,1.7389661502258884,0.0926151715356725,0.0091285889069707,-0.0022495514815645,-0.006707444996106,0.5343527076191434,,3.649802808203984,0.0981352514711598,-0.7568330428689382,0.184540639411839,,,,,,
099320,0.3322813301456673,1.378122918212546,1.2450287548439023,0.5601561949572943,,0.0235386434946482,,,,,,,0.4242981761110797,,,,,,
099390,0.0500139911244382,13.65481993846236,13.651795852015256,0.9502695471747088,,,,,,,,,-0.0014097944786408,,,,,,
099430,0.282881064909122,0.6838901789324535,0.5950374944612544,0.1912358547364031,,0.048444573976395,,,,,,,0.5294425521526271,,,,,,
099440,0.3983538323678114,1.4485583958325887,0.9504325108547608,-0.4081989523364085,,0.0594363237753081,,,,,,,0.4520851642032408,,,,,,
100030,0.0853397791934128,4.279270204901729,4.279270204901729,0.305042734157388,,0.0488521622129813,,,,,,,0.0651860865069609,1.842740898602584,0.1572591013974157,,,947157381.0,0.0896127266788685
100120,,3.0803544589987943,1.7024050843970673,,,0.0793821835456235,,,,,,,0.1032601545753546,,,,,,
100250,0.0564008097737601,2.289294415038289,2.289294415038289,0.22763006644,,-0.0023681693201288,,,,,,,-0.0692359051685714,1.8932208130627255,0.1067791869372743,,,5683351661.0,-0.0044818420355801
100590,0.1239627090388825,4.442026212320014,2.6521049158995678,0.2055516705675852,,,,,,,,,-0.0812303884115458,,,,,,
100700,0.0254384112864562,17.03019603378956,14.287812950668544,1.6943834727452836,,0.0426120187372133,,,,,,,0.0698203425075851,,,,,,
100790,2.014267250548862,,,0.1823366797122788,,,,,,,,,-0.0442294120430525,,,,,,
101160,0.2084297253153774,5.147109989494053,3.989407009530638,1.114825011128867,,0.2635937020728832,,,,,,,0.2568929799082066,0.8275201933972774,0.1724798066027225,,,28690386729.0,0.2155298762592901
101240,0.1337306154530042,1.740958678671735,1.740958678671735,1.8586804333749207,,0.0496164067665961,,,,,,,0.256586119096084,1.7640874937481166,0.2359125062518834,,,26635202904.0,0.0891115387549578
101330,0.4150202165446122,1.1280138442517005,0.7272439308748639,0.0803578142306311,,0.0247773985395144,,,,,,,0.0736314901707027,,,,,,
101390,0.684250939356181,0.3292121113950717,0.3292121113950717,331.13221248,,-0.2793461648504009,,,,,,,0.0284636713389298,1.1874715063329675,0.8125284936670323,,,8886315586.0,-0.3414397570872561
101970,0.2719124819430347,1.1962085232154778,1.0854158420594493,0.4438588367680108,,0.0557652421914544,,,,,,,-0.0044672012597418,1.5724352330788545,0.4275647669211455,,,-878179222.0,0.0852832769970417
102120,0.3093221754964917,1.1266077809174233,0.9122566459785438,0.2462994626819778,,-0.0412858800302501,,,,,,,0.0163819135912268,,,,,,
102460,0.974650929254178,,,,,0.0453437669684386,,,,,,,0.0216693286663254,0.5064186207218397,0.4935813792781602,,,,0.0228201072721839
102950,,,,,,,,,,,,,,,,,,,
103230,0.1773123208278683,1.646018606398314,1.646018606398314,0.5164513543904652,,0.0408306554667782,,,,,,,0.067823652009837,1.6987845660135708,0.3012154339864293,,,-5026292854.0,0.0689995573291628
103590,0.4260217570945761,1.1380552751526942,1.1380552751526942,0.2850913237439531,,0.0290049131678994,,,,,,,0.3419357781167315,1.4025031455865484,0.5974968544134515,,,7118363000.0,0.0406757862563623
105560,11.669785819088302,,,0.0057593283647919,,0.0849058302583935,,,,,,0.2600210711914651,0.0588495462902493,0.0789279325064358,0.1005102673086683,-0.1188313782057767,,3304521000000.0,0.0068250612660694
107590,0.2484369011855552,1.3140674883691486,0.0149935959767274,0.0628268125336137,,0.0382432601153626,,,,,,,0.0573766917330886,,,,,,
107600,0.2795272270258042,3.794891824706206,3.207402280246418,0.0624286257305328,,,,,,,,,-0.0461886681458468,,,,,,
108860,0.0855999067139897,4.5521811878541545,3.982153843352685,0.1063006275363895,0.0071136425532549,-0.0145831475697198,-0.0607137702825596,0.4454281053227042,6.3260710255328405,7.155273872722329,1.1213182732465492,-0.8042526099242201,0.6190398307154347,,,,,,
109670,0.278579597484183,2.142336933937016,1.3877409441829265,-0.0247287567317475,,0.0025449219343251,,,,,,,0.0050184563239607,,,,,,
109960,0.0518811391163975,1.692262971577832,1.6461281495164697,0.1562810869222854,,-0.0451733269753702,,,,,,,0.0579160861001966,,,,,,
111770,0.1701482710638472,1.6504511313117518,1.6319316389570595,80.85190883311662,0.101756416756228,0.0746257677983669,0.1588262960690525,0.8096054035790745,7.530374270677948,163.2861377929918,0.0906469717918802,-0.0535204258434259,0.1629648510255786,1.7091851088082095,0.2908148911917905,625.1729576128512,,339447450477.0,0.1285866275279548
112610,0.5009031694311733,1.234646045559333,0.7908588204535594,0.0203661591343093,,0.0663252861834053,,,,,,,0.2579395418096056,,,,,,
114840,0.1434591407725587,3.203254834055755,3.203254834055755,-9.760760436026215,,0.1531385975343917,,,,,,,0.3646736780212794,1.749078675997757,0.250921324002243,,,,0.2690787074529668
115480,0.2717742675080177,3.6070466522848568,3.146883657437393,0.4086895456218956,,-0.041917459972659,,,,,,,0.2092033006224018,,,,,,
117670,0.5796152726913473,1.9549823680825416,1.7544234120060536,0.0339686035935719,,-0.2472298883794938,,,,,,,-0.0828153713688203,,,,,,
118000,0.1506101074981016,3.613848497046317,3.5311400840575584,0.109140024479638,,0.0624358737353323,,,,,,,0.0089635242557659,,,,,,
121800,0.0744048482644401,0.9405689600429836,0.8457525536711605,-0.1009629363172009,,0.1035764584091289,,,,,,,0.1421620368195905,,,,,,
121890,0.0973490814197232,3.860577910757585,3.860577910757585,3.275035250900637,,0.1068902707808887,,,,,,,0.0954035386659409,1.822574086827912,0.1774259131720882,,,7785552.0,0.1887142117205764
122350,0.5686118455996106,0.6344771528650894,0.3863709484416193,0.0954032593622506,,-0.0077093951873936,,,,,,,0.0579936706324983,,,,,,
122640,0.4420755668350962,0.8377530006373942,0.8377530006373942,5.597120178742746,,-0.1228706750522089,,,,,,,0.1667460366902789,1.3868898731772934,0.6131101268227067,,,,-0.1770336555485801
122870,0.0554617900024057,3.040052879205166,2.970803855280262,-0.1488279936818293,,0.0013167046001292,,,,,,,-0.0670676595757779,,,,,,
122900,0.5105811603014558,1.0981916679997106,1.024956489007835,-0.0813350758136273,,0.0197843621936003,,,,,,,-0.0682448323302787,,,,,,
123010,0.2672117110984897,1.3533296552885616,1.200809316070728,-0.1433504375713511,,-0.1430149953651355,,,,,,,-0.3078445618753105,,,,,,
123750,0.2087504534140877,2.371608661519269,1.595745517949062,-0.3608625517998295,,-0.1049897635264513,,,,,,,-0.301627178078894,,,,,,
124500,,,,,,,,,,,,,,,,,,,
125210,1.4699895931003804,1.034501726052306,0.7176000956735227,0.2017245884378689,,,,,,,,,0.012268399052093,,,,,,
126340,0.3644814755271067,0.983240796464148,0.983240796464148,0.1035930123552939,,-0.0138984837251044,,,,,,,-0.0518093224818944,1.4657582648583698,0.5342417351416303,,,,-0.0202443441768239
126640,0.2274039069786207,1.274709657282112,1.1434224412814402,0.0065437767849772,,0.008907657914503,,,,,,,-0.1394607035886326,,,,,,
126730,0.0787221733924289,8.79202079875979,8.79202079875979,30.018780427856345,,0.0410789623480296,,,,,,,0.7958439472272956,1.8540455080387217,0.1459544919612782,,,5341356756.0,0.0731921204489624
129890,0.2796510926445865,3.4122967075197166,2.322210461861373,-0.3342614754807274,,-0.0998297672004579,,,,,,,-0.1970303857325234,,,,,,
131090,0.056355803273997,8.628637287379522,8.628229713806109,1.5236572266222397,,0.0574916808472414,,,,,,,0.1269888007831083,,,,,,
131370,0.1135789026175269,1.64423141933269,1.5977388446745686,0.2903900004218401,,0.014876660971909,,,,,,,0.1757605989276092,,,,,,
134380,0.070901296650775,6.994850686438725,5.738104984728207,1.5325588896981817,,0.0817583899343848,,,,,,,0.1358354169089519,,,,,,
138040,0.827204420822983,,,-0.0526441475381183,,0.0388503153089233,,,,,,,0.1305061325156412,,,,,,
138070,0.0955356586644345,2.6864382205301607,2.6864382205301607,52.52198486015654,,0.0044807512104111,,,,,,,-0.0231551750753161,1.8255909647324453,0.1744090352675545,,,6176805585.0,0.0081259969469171
139990,0.7250138344227314,0.4421297998436495,0.4421297998436495,-5.905218932742253,,-0.10189995649459,,,,,,,-0.0329948433650723,1.159410991430855,0.8405890085691449,,,,-0.1234970106349011
140070,0.4019270215982917,1.2807068073100645,0.4010940914528731,0.0041334985157294,,0.0160258205481219,,,,,,,0.3135527782960904,,,,,,
141000,0.0676658419599572,5.21730942937781,4.742141165233393,0.6726991522089295,,0.0364020320796691,,,,,,,0.0881090055871617,,,,,,
141080,0.0903621662353828,4.695755079009035,4.693941960256745,0.6412265179454771,,0.0092194066760055,,,,,,,2.896434925634271,,,,,,
143160,0.1410245959956192,3.016989208951591,2.3722408743208514,0.4609910262791941,,0.0342240121473588,,,,,,,0.0179141384004741,,,,,,
145990,0.7045532715752532,1.7136569192431044,1.1354875406203808,0.1850005665424731,,0.0745626895684942,,,,,,,0.0358581614961989,,,,,,
146320,0.3770558925140036,0.7303765990979332,0.2087459040526249,,,-0.0102198949840228,,,,,,,0.2038400538065567,,,,,,
148150,0.1621068639697037,2.3318467147196777,2.127146943882612,0.6778223744729237,,,,,,,,,0.1337816480073343,,,,,,
148250,0.1248189297659283,2.4624481691474736,1.93002873734672,1.0593338551455225,,-0.0202218985782774,,,,,,,-0.0770234427617741,,,,,,
149010,,,,,,,,,,,,,,,,,,,
149950,0.0309424846911267,4.949105082423405,4.807911796146475,1.8648891370171816,,0.0256695058551146,,,,,,,-0.0083339989822043,,,,,,
158430,0.2141555126539517,1.4909684315821194,1.4177716093903416,,0.22066842050604,0.0483047531612598,0.1687219584945299,0.4608156418190944,4.4978755609812255,20.492357436847225,0.1888528755806053,0.26498682276317,-0.0417608410055983,,,,,,
161000,0.2934501269001945,1.1563019894649575,0.6596688100798073,0.0756601461984765,,0.0060403172700029,,,,,,,0.0367418334143651,,,,,,
162120,,,,,,,,,,,,,,,,,,,
162300,0.4781824146520808,1.1772232036898007,0.7898192903776996,0.0203683368501065,,0.0229593371078745,,,,,,,0.2418489770899718,,,,,,
177350,1.3827981637087172,0.3900960552342419,0.2986630946639695,-0.2673768743562278,,,,,,,,,-0.2950617061605894,,,,,,
177900,0.1907124950031742,2.4428077273589968,2.143668545031104,-0.0858252929724632,,0.088987729786802,,,,,,,0.4504303108621517,,,,,,
178320,0.4121225326628097,1.2902042753105796,0.4173021448918547,-0.0924228909097734,,0.0335885353975841,,,,,,,0.3835876731214909,,,,,,
185190,,,,,,,,,,,,,,,,,,,
185490,0.2846730123640822,3.208982610760823,3.1558003134284403,-0.8410740956842785,,-0.2239547481399274,,,,,,,-0.1638474041780835,,,,,,
187270,0.1841602717758252,1.6549336410456186,1.2589961413574515,0.1819875337923181,,0.0946204127031585,,,,,,,0.028888477796312,,,,,,
188040,0.2521404344803155,2.034173346145052,1.6321842802977369,0.6965499257825771,,0.1174375228739962,,,,,,,-0.0208064152291062,,,,,,
188260,0.6321983564736032,4.923751176273699,4.3403527312041925,-1.1673982362947375,,-0.4213782621011943,,,,,,,-0.224096569976002,,,,,,
189350,,,,,,,,,,,,,,,,,,,
189860,0.1295399361060584,2.4284285754019543,2.0902758848346363,0.3595502401534458,,,,,,,,,0.1150908847220903,,,,,,
191600,,,,,,,,,,,,,,,,,,,
192440,0.0468482550745153,6.181545196929775,3.991142775557856,0.5775169901743709,,0.026923462690428,,,,,,,0.1037417348147251,,,,,,
193250,0.0725297025120409,2.859302733728184,2.503354746549268,-0.4842598720753113,,-0.1200248513399691,,,,,,,-0.1429789847711867,,,,,,
195500,0.2261794108352418,1.51873525422519,1.1393439335323725,0.4344327026261453,,0.0160749617389596,,,,,,,0.1556599411270894,,,,,,
199730,0.4916066524342738,,,,,,,,,,,,-0.1251553593732468,,,,,,
200350,0.0945056939467636,17.088544590318406,17.088544590318406,0.5565579049808116,,-0.3173283781879926,,,,,,,0.1653621798898407,,,,,,
200710,0.2780818331746767,1.5045611376995591,1.5045611376995591,-0.1275449576510738,-0.1140403377968878,-0.007460369659976,-0.0424923514936778,0.2706539503876741,4.738964209307739,,0.1579559859342552,-0.4889839881691163,-0.1093026263478313,1.564845026419101,0.435154973580899,-2.7280865475524747,,,-0.0115007227930254
200780,0.3975159561690996,0.5189334918129187,0.3460578513238376,,,-0.0128465046563446,,,,,,,-0.0423542279116474,,,,,,
200880,0.4355263987536977,0.8449498024254443,0.625089727920231,0.1488049372820786,,0.0417142017564647,,,,,,,0.2527685810917967,,,,,,
201490,0.0965087837852224,3.168773741979335,3.14466537900614,0.420696658968849,,0.0079284983083867,,,,,,,0.1158042504955735,,,,,,
203690,0.40354050977457,0.8344642335058085,0.8804443842674622,-0.0546790502710367,,-0.0968714790166934,,,,,,,-0.2091131007653019,,,,,,
204210,0.2941532585828932,0.2227336215764127,0.2226002869526042,-0.0303968844839912,,,,,,,,,-0.1751244649540567,,,,,,
206400,0.0474225865899407,7.232719392600923,7.2232936524584,-0.9480797524658856,,-0.017822557772018,,,,,,,-0.1481162741072376,,,,,,
206640,0.1417677587532,4.9595685665851885,3.544462895520916,1.7429455277591468,,0.1294746471677301,,,,,,,0.1174751625846328,,,,,,
207940,0.5898038832987375,1.4320913500144852,0.7006773980006317,0.2579840426664501,0.2902922486948034,0.1044906760536249,0.2382316105956299,0.2724375378624131,2.420434826812606,0.826602425747326,0.2308060417857339,0.1853067026594222,0.0803990580132998,0.629008401920032,0.097719867355393,5.066080003541061,,281729868722.0,0.0649032334316705
208370,0.0479222051073797,8.0761810091656,6.682406233369513,0.4601327722621569,,0.0483417971724945,,,,,,,0.0531360174359445,,,,,,
208890,,,,,,,,,,,,,,,,,,,
212710,0.7121246771438676,0.6935558370435514,0.4331854096120572,-0.09847564719949,,,,,,,,,0.1166188077815582,,,,,,
214150,0.1396043469095486,6.331245106451303,6.331245106451303,3.7441324511959873,,0.1219151030639957,,,,,,,0.1331267525352567,1.75499506071886,0.24500493928114,,,50073803893.0,0.2103848465815241
214430,0.1463213095681113,3.003235820718855,1.7901812507663413,0.4909324907311661,,,,,,,,,0.1171318352430784,,,,,,
215200,0.3060045158911714,0.5810307870502555,0.4084175464034544,0.393724292537664,,0.0359267432918878,,,,,,,-0.0807456051618467,,,,,,
215600,0.0612410455908212,7.597499386942539,7.518612987572435,-0.8137674927527063,,-0.1278774676284595,,,,,,,0.9424619647467144,,,,,,
216050,0.4014984156384625,1.664857911271363,1.664857911271363,0.2593991881990967,,0.0249585943481437,,,,,,,0.3291422669346775,,,,,,
217330,0.1875446911884721,13.15154894893676,13.15154894893676,-76.23098692295282,,-0.1562470556838876,,,,,,,-0.0704885939865688,1.6841471439684834,0.3158528560315165,,,-9319318751.0,-0.2665885210003845
217480,1.090512700368144,1.4102511753020963,1.2921273594380125,-15.802286725723018,,-0.3729919691931487,,,,,,,-0.1615563832622882,0.2391757772683939,0.260824222731606,,,-6895038352.0,-0.1000254508595659
217620,0.7397430513237399,0.4689872859267996,0.3044354089609277,0.2795327958448104,,-0.1411820055974363,,,,,,,-0.2864572880641597,,,,,,
217910,,,,,,,,,,,,,,,,,,,
222080,0.5328168334935598,2.4776846683404696,1.2419177441317446,-0.211186214425946,,0.3020512074917187,,,,,,,0.2291190534142464,,,,,,
222420,0.4328858028848192,1.1019922784643574,0.4145001633255067,0.0269483365638351,,-0.0197106212896562,,,,,,,-0.1008615914499967,,,,,,
222800,0.525863050317441,0.6533674546126584,0.4561019691059201,-0.1620999849427752,,-0.0346996846688635,,,,,,,0.2272151273773965,,,,,,
222810,0.8583487739564852,0.4226574123902051,0.2940916394722747,0.5218343264463501,,-0.3740090258253115,,,,,,,-0.5093842722808055,,,,,,
223310,0.2511249272198441,1.787663979415159,1.5328025418646791,-0.0546097896856391,,-0.1984682139561503,,,,,,,0.3750424187458304,,,,,,
227610,0.4277273708995525,1.2045644823927917,0.797336337977442,-0.2150038867917043,,-0.087017885064641,,,,,,,-0.1161619888735857,,,,,,
232830,12.142336296046388,1.0607925543562176,0.8688958113844706,0.0014190589971169,,,,,,,,,6.043354967066131,,,,,,
234030,,,,,,,,,,,,,,,,,,,
236200,0.047246817722108,5.096673085719412,4.156649340372692,1.4580793524547655,,0.0706765515044815,,,,,,,0.1908973428701629,,,,,,
236340,-1.905517038313696,0.3161469874010905,0.1992620078871656,-0.1906225542662478,,,,,,,,,0.0354827100703567,,,,,,
238090,0.0796776802885727,3.934412270175999,2.5723837418872675,0.929346669814276,,-0.134445583792388,,,,,,,-0.2497517397014884,,,,,,
238200,0.1346353360097739,1.6013326242922084,1.3925941320237536,-0.0493076494190902,,-0.0932887039324214,,,,,,,-0.1467080556750753,,,,,,
240810,0.2686441345599651,2.78323686625632,1.3165065649238423,0.2821184926043014,,0.0244073731288952,,,,,,,0.0366366530770375,,,,,,
241770,0.078458787944831,7.317951703046681,6.365534593538156,0.6404967202815794,,,,,,,,,0.0577615469313106,,,,,,
243870,,,,,,,,,,,,,,,,,,,
246720,0.2035223694212299,7.150006382488808,5.733960714578013,-0.8972370724514396,,-0.1468651644394574,,,,,,,-0.0110040941180931,,,,,,
248070,0.3869761930770814,1.1429079958743715,0.5208311764065032,-0.0097105486621482,,0.0273529934161514,,,,,,,0.046968004051259,,,,,,
250000,0.2897935327311521,1.648755990373982,1.1825785973717553,-0.1548446145310981,,0.0421565265488347,,,,,,,0.6243969647157195,,,,,,
251630,0.1730110226448956,1.4196934730039412,0.918366768295562,0.0203957183129511,,-0.0216629483761651,,,,,,,-0.028146352400404,,,,,,
252990,0.2135154857284557,2.55900485478414,2.314587673459642,0.0718703292673429,,,,,,,,,0.1585357188295059,,,,,,
253840,0.0504818707564661,8.244449189168936,7.457820288710928,-0.7266023404193052,,,,,,,,,-0.191805740610126,,,,,,
254490,0.3012350978101524,2.720828908362257,2.148895649795518,,,0.0254252889376799,,,,,,,0.304512186570658,,,,,,
257720,0.749924419094477,1.5691427139657992,0.7984180429231518,0.3064976433072772,,0.6089586449699956,,,,,,,1.126436340466505,,,,,,
262840,0.0691287001967932,2.696826973058502,2.6967298020728334,1.1562662986295391,,0.0372286678973224,,,,,,,0.0250416684350635,,,,,,
263810,0.2976177487770975,1.6504005090976723,0.978811786064106,0.1068003264315141,,0.0362793734865105,,,,,,,-0.0299585335023342,,,,,,
264660,0.2210735417687191,2.242838378041668,1.402514795778312,0.0295763688219347,,0.0473790299045834,,,,,,,0.1801638134712235,,,,,,
266170,,,,,,,,,,,,,,,,,,,
266470,,,,,,,,,,,,,,,,,,,
267790,0.7120637631019079,1.972904233135723,1.4887821310379608,0.343545577332389,,0.11946330645017,,,,,,,0.116393166657498,,,,,,
267980,0.7840944981574024,2.835927261021764,1.938688288317364,0.3729836095544032,0.0388289891026571,0.08165809933405,0.0251390226239365,1.8122641914075217,9.008110737374071,9.25240601758786,0.0159600862040737,-0.0262069295834292,0.054978013855512,,,,,,
268280,0.1151512063915462,4.112871324041587,1.3965717985295605,0.1631147785305603,,0.0622664979821215,,,,,,,0.1103972303056562,,,,,,
270520,0.4367424248797868,1.5246549635755826,1.515076757977481,-0.0815503250722055,,,,,,,,,1.0942436526563657,,,,,,
272550,0.2748113209882513,1.696122285638365,1.3691013473592255,0.2143917528829664,,0.0198114531711572,,,,,,,0.0393069647263477,,,,,,
273060,0.532673334076186,0.6386488929405311,0.6386488929405311,1.3226837997005914,,0.0203513973274709,,,,,,,0.6600144507703943,1.3049095038934004,0.6950904961065995,,,10184478876.0,0.0278201029478446
276040,0.0582465797615614,9.588638781279853,9.585024228814556,,,,,,,,,,-0.2426317269215057,,,,,,
279600,0.2558774649250314,4.379593089402483,4.379593089402483,-0.079993685412538,,-0.0303659557998409,,,,,,,1.0044339631752957,,,,,,
290520,0.0889149313878938,4.771497416776989,4.642868148863222,1.972540197475911,,-0.0045891936826132,,,,,,,0.1081455943165648,,,,,,
290690,0.1991797241227342,0.9570688233438952,0.8758434139987045,-0.2778673417835652,,,,,,,,,-0.2676315005660416,,,,,,
291650,0.257295364004023,,,,,,,,,,,,-0.0170473819895049,,,,,,
297570,0.1944281174525948,2.984894652370768,2.078317270826235,0.7808971543034829,,-0.0040475004830721,,,,,,,0.024601116587988,,,,,,
299660,0.4859738298866465,2.316491453393704,2.2026525383500046,-0.811633153536144,,-0.2673777020702971,,,,,,,0.1902971678070031,,,,,,
301300,0.1931241104548648,1.0486349668885315,1.0115149072340792,-0.2364612629697005,,-0.1106742452516289,,,,,,,-0.2625386454489705,,,,,,
306200,0.6393306382459879,1.7991399158718977,1.2590194118743352,0.4216112982847543,,0.2598574022263676,,,,,,,0.1874676827497209,,,,,,
308430,0.0755323082239924,29.57840578703213,29.125297932945585,-0.4819482894173527,,-0.1754544081945947,,,,,,,2.0327157224361114,,,,,,
309710,,,,,,,,,,,,,,,,,,,
314140,0.218471184681293,1.1941756072619865,0.725937016091957,0.4970197995144123,,,,,,,,,-0.0404187228433269,,,,,,
322970,,,,,,,,,,,,,,,,,,,
323410,8.603061773533282,,,0.0149569135609357,,,,,,,,,0.152640967467481,0.1041334548899883,,,,799328000000.0,
328380,0.2280480855785312,1.581989085224378,1.5343037558368977,0.0449244123367613,,,,,,,,,0.0031965178894368,,,,,,
332370,0.0437243936752508,11.365774417983753,8.702612970743006,2.665981570657681,,,,,,,,,0.1974430303317014,,,,,,
333050,0.1773583295159725,3.1863077940144278,2.7563720021880727,0.4380575147046049,,,,,,,,,0.0238899055145587,,,,,,
335890,0.0670981196934768,7.685369584146787,6.875014375970308,2.0047454982533286,,,,,,,,,0.4895783247914897,,,,,,
336370,0.9051437088387048,0.7251224796004347,0.4526748719021942,-0.2970791207034671,-0.0953127624232463,-0.0397177046355723,-0.0747695569476279,0.1508007053688527,5.756050839661113,2.738682029132067,0.32957481487647,-0.2566556339787005,0.2183557480187688,,,,,,
338220,0.2409689612779743,2.5171070772369752,2.506709082653888,-1.0904614021613006,,-0.2400781411569692,,,,,,,1.2247761232948016,,,,,,
339950,0.3012985082394151,0.7732616113684996,0.7495548566657062,1.323858641996345,,0.0893818287138215,,,,,,,0.2228223972171163,,,,,,
340440,0.1674056543897956,2.8381288047682456,2.4421397513031198,0.4308092036403131,,0.0284689609254514,,,,,,,-0.0194783530079569,,,,,,
340810,1.8888626714060013,0.8213891738440917,0.8052317955607383,-0.5778513214427318,,-0.6939407002816598,,,,,,,-0.314850905118039,,,,,,
347700,0.1764341102827246,2.923935735418975,2.923701981950006,-0.4321430354172697,,-0.3272626839393038,,,,,,,1.345475372687578,,,,,,
352090,0.1635585569774333,4.130590079203615,3.8647214332421487,0.3907462609179679,,,,,,,,,0.2892243342168356,,,,,,
352480,0.4338562455194094,1.7937988103477496,1.4031855158469888,0.9918857716334526,,0.171487091732824,,,,,,,0.152765038637509,,,,,,
352770,0.8144144971865129,0.1487497708816004,0.1487447165857855,-0.2093515421367063,,-1.0895170319553256,,,,,,,-0.2809499280982041,,,,,,
356890,0.0689424271797992,5.106739078900983,5.091004591010399,1.9521555853834445,,,,,,,,,0.2657743717609351,,,,,,
357580,0.4987028485601649,1.4188838111075592,0.7934519618840393,-0.1416079745428531,,0.0111199918181921,,,,,,,0.1136347544730547,,,,,,
357780,0.0593404301181681,4.215080349518681,3.479903493764517,4.126258188579205,,0.115563076879017,,,,,,,0.1735622078785772,,,,,,
361570,1.3416409400707203,0.591663459840363,0.5640875440829226,0.2280647531151335,,,,,,,,,-0.0982306751163085,,,,,,
361670,0.0735897822575152,8.920473486051186,6.917170127936538,-0.3662962472929428,,,,,,,,,-0.1157738952702218,,,,,,
365340,0.5028020414138613,0.5012149934592184,0.2343461637394975,-0.1217073457491359,,-0.1247504697952764,,,,,,,0.1815980734265715,,,,,,
368600,0.4341355040408747,0.764123523669354,0.4135507776113715,0.1517372913227548,,-0.0783973375094441,,,,,,,-0.0779670248228656,,,,,,
369370,0.2590318816063824,1.1576642162713775,1.067821710179328,-0.0432997884807587,,-0.1024683345801264,,,,,,,0.2273804388253826,,,,,,
373220,0.9474821906985226,1.271463639499285,0.8938290932118848,0.3795597774088344,0.0224588727725293,0.0122371406517652,0.0132165294636895,0.4845589489364094,4.836132307548264,4.465633720054226,-0.2407992835779143,-0.7340153677318312,0.3272575186503799,0.5134835146509453,0.0067683256434586,0.4564466011253559,,-1383990000000.0,0.0064041876255125
382900,0.3064505633129581,2.1063358910843624,1.7307384498257563,0.096739118939364,,,,,,,,,1.5269318634692646,,,,,,
394800,0.0332550477078932,13.94423157591695,13.825769767458633,-2.1093746800387247,,-0.1411259217738926,,,,,,,0.3218162851375575,,,,,,
415380,0.1525635899090819,2.653794893968396,2.473014016875609,0.3644892562501975,,,,,,,,,0.4790998007941384,,,,,,
416180,,,,,,,,,,,,,,,,,,,
417970,0.1500179767222187,2.9276837917964005,2.682264715229764,0.6762127520570493,,0.0696215408222192,,,,,,,0.0620040710268494,,,,,,
419050,0.46866558952558,1.0238094043153074,0.7925862430546242,0.0220953730177114,,,,,,,,,0.1046569327194013,,,,,,
419120,0.1321259231657524,1.42374630908197,1.3446846078344183,0.1278365925635841,,,,,,,,,0.1296101218337736,,,,,,
424760,0.2255721948045541,1.805278118501494,1.799514965106581,-0.0450863397473053,,-0.0189964460809772,,,,,,,0.0796031509826898,,,,,,
424960,0.3316441199345361,1.8130470915846348,1.6029753520734915,-0.344551988557789,,-0.134586758500449,,,,,,,0.2332949576293192,,,,,,
434480,0.0868470608396196,5.860223900365027,5.717334641699064,0.4910856667861683,,0.0260791861541354,,,,,,,0.0645694725661195,,,,,,
435570,0.3833485584588507,0.2946166671482058,0.2527072689906657,0.2419553362051135,,0.0081014298784484,,,,,,,0.174778209291943,,,,,,
437730,0.0980508089550784,4.490778871984645,4.199901440195816,0.276065220498739,,0.0416788082021287,,,,,,,0.4789501388227798,,,,,,
438700,0.1459497973292814,3.0457035025549435,3.044037727765358,-0.983779124108931,,,,,,,,,-0.2298351570153024,,,,,,
439090,0.064539583464041,8.490309585309108,6.980792241891259,1.153295047419689,,,,,,,,,0.22785001640954,,,,,,
446540,0.0823381184468724,4.542431666377428,4.010236251664782,1.7257534823710183,,,,,,,,,-0.0245103676052188,,,,,,
450950,0.1147458269792352,3.950084555705416,3.0648096834405054,-0.1007775043922027,,,,,,,,,0.4900503115434987,,,,,,
451250,0.0933460631951022,6.900245668298941,4.918447553431768,-0.2892696749802055,,0.0160126092563057,,,,,,,0.6086221576248084,,,,,,
452200,0.3773814111082615,1.6270672023614672,1.582443644631932,-0.3189663929948855,,,,,,,,,0.6592593738222554,,,,,,
456010,0.0313359332979749,29.23172550389082,29.23172550389082,-20.02887014408513,,-0.10705073444356,,,,,,,3.394868336150469,1.9392323446003288,0.0607676553996715,,,-5957578428.0,-0.2068877761017693
456570,,,,,,,,,,,,,,,,,,,
457600,1.1792599018467371,1.630767728731095,0.9776484374653344,-0.3039539072093486,,-0.1239111330794034,,,,,,,0.244675001155901,,,,,,
458650,0.0672167499967056,7.897559635086982,7.6711710533913235,1.523067004640836,,0.0953400793069582,,,,,,,0.5736525994547587,,,,,,
458870,0.135095303423912,4.2378376520277,3.92174071874496,-2.224130556548692,,-0.2374021955809349,,,,,,,0.6378551961912329,,,,,,
461030,0.0239582625343522,25.969056297559263,25.571524208284156,-4.1719556594123794,,,,,,,,,2.4668845282003047,,,,,,
461300,0.097522160361423,4.349826352845393,4.211731015429733,0.8052218782024835,,0.1028712930260688,,,,,,,0.9469227503410932,,,,,,
463480,0.3814159227485866,1.1139165430738804,0.6062207878711354,0.257841599371131,,,,,,,,,-0.0632828814029106,,,,,,
464500,0.0822694713705579,13.23183465151382,12.767592466913497,-0.365328791699449,,-0.1676522642366077,,,,,,,0.9954279063820476,,,,,,
471820,0.0489053100873852,9.78909303570328,8.145012648297909,1.3747141711494604,,0.0487628166955028,,,,,,,0.4957157403471559,,,,,,
475460,0.4902407015238282,1.2979887064423523,0.8855010317657533,0.2851922387418261,,,,,,,,,0.1365392038461312,,,,,,
482630,0.5336336401728861,1.5227554829922765,0.5564590391850853,0.3226220833005083,,0.1132138049997539,,,,,,,-0.0236951296189665,,,,,,
900100,0.1004291807357089,2.45255902863457,2.1362215935356224,-1.0982937233595456,,-0.1781935415126444,,,,,,,-0.0958709449013105,,,,,,
950200,0.830386871004509,1.6167102859859823,1.270763622168069,0.2632501541045227,,-0.2003357288586615,,,,,,,0.0903236589756835,,,,,,
